event_id,event_date,publication_date,date_precision,source_id,source_name,source_language,source_url,source_headline_original,source_headline_english,one_line_summary,location_country,location_region_or_governorate,location_city_town_village_or_neighborhood,parties_involved,incident_type,violation_type_if_applicable,people_named,organizations_named,casualties_if_stated,target_type,cross_border_relevance,topic_labels,subreddit_relevance_score,likely_subreddit_trigger_reason,corroboration_level,confidence_notes
CFV_20241202_01,2024-12-02,2024-12-02,exact_day,src_lorient_today,L'Orient Today,English,https://today.lorientlejour.com/article/1437969/israel-and-hezbollah-play-with-ceasefire.html,Israel and Hezbollah play with (cease)fire,Israel and Hezbollah play with (cease)fire,"After repeated Israeli actions, Hezbollah shelled Roueissat al-Alam while Israeli strikes hit Tallouseh and multiple south-Lebanon villages, killing at least one person and injuring others.",Lebanon,Nabatieh Governorate,Roueissat al-Alam; Tallouseh; Borghoz; Mais al-Jabal; Yaroun; Maroun al-Ras; Srireh; Kfar Shuba; Shebaa; Khiam; Aitaroun,Israel; Hezbollah; Lebanese civilians; Lebanese security personnel,artillery,shelling,Mahdi Khreiss; Hussein Younes,Hezbollah; Israeli army; Lebanese State Security; Lebanese Army,At least 1 killed and 2 injured in Tallouseh; separate deaths of Mahdi Khreiss and naval officer Hussein Younes also reported in the same ceasefire-breach cycle,"Border hilltop position, villages, and residential areas",ceasefire_enforcement,anti_hezbollah;direct_hostility_trigger;civilian_harm;border_incursion_or_ground_activity;obscure_name_watchlist,4,Early ceasefire breakdown cluster with many named villages and security personnel useful for obscure-reference matching and blame narratives.,locally_repeated,This row compresses a same-day cluster from a local live report rather than a single munition strike.
CFV_20241214_01,2024-12-14,2024-12-14,exact_day,src_lorient_today,L'Orient Today,English,https://today.lorientlejour.com/article/1439789/residents-and-lebanese-soldiers-return-to-shebaa-and-khiam-one-killed-in-new-israeli-strike-in-south-lebanon.html,"Residents and Lebanese soldiers return to Shebaa and Khiam, one killed in new Israeli strike in south Lebanon","Residents and Lebanese soldiers return to Shebaa and Khiam, one killed in new Israeli strike in south Lebanon","As residents and Lebanese soldiers re-entered Shebaa and Khiam, a new Israeli strike in south Lebanon killed one person.",Lebanon,Nabatieh Governorate,Shebaa; Khiam; south Lebanon strike site,Israel; Lebanese Army; returning residents,strike,airstrike,,Lebanese Army; Israeli army,1 killed,South-Lebanon strike site during civilian return phase,ceasefire_enforcement,civilian_harm;direct_hostility_trigger;anti_lebanese_state_or_state_failure,3,Shows civilian return colliding with continued fire and could feed state-failure or sovereignty arguments.,locally_repeated,Exact strike locality was not the main emphasis of the headline; row keeps location general.
CFV_20241223_01,2024-12-23,2024-12-23,exact_day,src_lorient_today,L'Orient Today,English,https://today.lorientlejour.com/article/1440971/the-israeli-army-plants-its-flag-in-naqoura.html,The Israeli army plants its flag in Naqoura,The Israeli army plants its flag in Naqoura,An Israeli drone strike in Taybeh killed two people near a public school while Israeli forces also planted a flag in Naqoura.,Lebanon,Nabatieh Governorate / South Governorate,Taybeh; Naqoura,Israel; Lebanese civilians,drone,targeted_killing,,Israeli army,2 killed,Vehicle or immediate vicinity near Taybeh public school; occupation-symbolic point in Naqoura,ceasefire_enforcement,civilian_harm;drone_or_airspace_violation;border_incursion_or_ground_activity;direct_hostility_trigger,4,"Pairs a localized deadly strike with symbolic occupation imagery, which can feed both outrage and blame discourse.",locally_repeated,Single source row combining strike and symbolic occupation act because the cited article tied them together.
CFV_20241224_01,2024-12-24,2024-12-24,exact_day,src_lorient_today,L'Orient Today,English,https://today.lorientlejour.com/article/1441080/lebanon-files-first-complaint-with-unsc-over-israeli-violations-of-cease-fire.html,Lebanon files first complaint with UNSC over Israeli violations of cease-fire,Lebanon files first complaint with UNSC over Israeli violations of cease-fire,"Lebanon filed its first UN Security Council complaint over post-truce violations, citing 816 Israeli violations between 27 November and 22 December 2024.",Lebanon / United Nations,Diplomatic / south Lebanon ceasefire area,UNSC complaint context,Lebanese state; Israel; UN Security Council,political_statement,other,,United Nations Security Council; Lebanese state,816 violations cited in the complaint period,Ceasefire regime and international complaint process,ceasefire_enforcement,diplomacy_or_mediation;anti_lebanese_state_or_state_failure;direct_hostility_trigger,4,High-value cumulative row for later matching to 'state weakness' or ceasefire-legitimacy arguments.,locally_repeated,Aggregate complaint/tally row rather than a kinetic incident.
CFV_20250126_01,2025-01-26,2025-01-26,exact_day,src_lorient_today,L'Orient Today,English,https://today.lorientlejour.com/article/1445100/last-day-of-first-phase-of-cease-fire-residents-of-south-lebanon-defy-israeli-bans-at-least-5-injured-live.html,Deadly day in southern Lebanon: 22 killed and 124 injured by Israeli fire,Deadly day in southern Lebanon: 22 killed and 124 injured by Israeli fire,"On the last day of the ceasefire's first phase, Israeli fire killed at least 22 people and injured 124 as residents attempted to return to southern villages.",Lebanon,South Lebanon / Nabatieh Governorate,Multiple return-point villages in south Lebanon,Israel; returning residents; Lebanese civilians,strike,shelling,,Israeli army,At least 22 killed and 124 injured,Returning residents and village-entry points,ceasefire_enforcement,civilian_harm;direct_hostility_trigger;anti_lebanese_state_or_state_failure,5,"Mass-casualty return-day event likely to provoke intense argument over Hezbollah, Israel, and the Lebanese state's protective capacity.",strongly_multi_sourced,Major ceasefire-window shock event; figures reflect the cited same-day live reporting.
CFV_20250126_02,2025-01-26,,exact_day,src_lorient_today,L'Orient Today,English,https://today.lorientlejour.com/article/1492507/abducted-after-the-cease-fire-nine-lebanese-remain-imprisoned-in-israel.html,"Abducted after the cease-fire, nine Lebanese remain imprisoned in Israel","Abducted after the cease-fire, nine Lebanese remain imprisoned in Israel",Retrospective reporting identified Hussein Karaki as abducted by Israeli forces in Markaba on 26 January 2025 after the ceasefire took effect.,Lebanon,Nabatieh Governorate,Markaba,Israel; Lebanese civilian detainee,kidnapping,detention_or_kidnapping,Hussein Karaki,Israeli army,Abduction reported; no death toll attached to this row,Civilian detainee,ceasefire_enforcement,raid_or_kidnapping;border_incursion_or_ground_activity;obscure_name_watchlist;direct_hostility_trigger,4,Named detainee and obscure village detail could be revealing if referenced later inside the subreddit.,single_source,"Event date is reliable from retrospective local reporting, but publication date is left blank because the retrospective publication day was not normalized here."
CFV_20250127_01,2025-01-27,,exact_day,src_lorient_today,L'Orient Today,English,https://today.lorientlejour.com/article/1492507/abducted-after-the-cease-fire-nine-lebanese-remain-imprisoned-in-israel.html,"Abducted after the cease-fire, nine Lebanese remain imprisoned in Israel","Abducted after the cease-fire, nine Lebanese remain imprisoned in Israel",Retrospective reporting identified Hassan Hammoud as abducted in Taybeh on 27 January 2025.,Lebanon,Nabatieh Governorate,Taybeh,Israel; Lebanese civilian detainee,kidnapping,detention_or_kidnapping,Hassan Hammoud,Israeli army,Abduction reported,Civilian detainee,ceasefire_enforcement,raid_or_kidnapping;obscure_name_watchlist;direct_hostility_trigger,4,Obscure detainee name and village make this useful as cross-reference bait.,single_source,Retrospective detainee row; publication date intentionally left blank.
CFV_20250128_01,2025-01-28,,exact_day,src_lorient_today,L'Orient Today,English,https://today.lorientlejour.com/article/1492507/abducted-after-the-cease-fire-nine-lebanese-remain-imprisoned-in-israel.html,"Abducted after the cease-fire, nine Lebanese remain imprisoned in Israel","Abducted after the cease-fire, nine Lebanese remain imprisoned in Israel",Retrospective reporting identified Ali Tarhini as abducted in Taybeh on 28 January 2025.,Lebanon,Nabatieh Governorate,Taybeh,Israel; Lebanese civilian detainee,kidnapping,detention_or_kidnapping,Ali Tarhini,Israeli army,Abduction reported,Civilian detainee,ceasefire_enforcement,raid_or_kidnapping;obscure_name_watchlist;direct_hostility_trigger,4,A second obscure Taybeh abduction raises the chance of non-random later references if surfaced online.,single_source,Retrospective detainee row.
CFV_20250130_01,2025-01-30,2025-01-30,exact_day,src_naharnet,Naharnet,English,https://www.naharnet.com/stories/en/310733,Israeli drone strikes vehicle in Yarin,Israeli drone strikes vehicle in Yarin,An Israeli drone struck a vehicle in Yarin; related same-day and previous-day local reports also noted wounded civilians in Tallousa and Majdal Selm.,Lebanon,South Governorate / Nabatieh Governorate,Yarin; Tallousa; Majdal Selm,Israel; Lebanese civilians,drone,airstrike,,Israeli army,Not fully standardized in the cited brief; injuries reported in related local incidents,Vehicle and nearby civilian areas,ceasefire_enforcement,drone_or_airspace_violation;civilian_harm;direct_hostility_trigger,3,Good local-detail row with low-level village naming that could later appear in highly specific comments.,locally_repeated,This row includes a short-brief incident with related locality mentions rather than a large-scale event.
CFV_20250201_01,2025-02-01,2025-02-01,exact_day,src_lorient_today,L'Orient Today,English,https://today.lorientlejour.com/article/1446072/aitaroun-residents-urged-to-wait-for-lebanese-armys-authorization-before-returning-to-the-village.html,Aitaroun residents urged to wait for Lebanese Army's authorization before returning to the village,Aitaroun residents urged to wait for Lebanese Army's authorization before returning to the village,"Local reporting described Israeli soldiers setting fire to houses in Harika and Robb Thalathin, while a drone dropped six bombs on rubble-clearing excavators in Taybeh.",Lebanon,Nabatieh Governorate,Harika; Robb Thalathin; Taybeh; Aitaroun,Israel; Lebanese residents; Lebanese Army,drone,ground_raid,,Israeli army; Lebanese Army,Property destruction reported; no unified casualty figure stated in the cited summary,Houses and excavation machinery clearing rubble,ceasefire_enforcement,border_incursion_or_ground_activity;drone_or_airspace_violation;anti_lebanese_state_or_state_failure;obscure_name_watchlist,4,"Rich in obscure village names and reconstruction-related targeting, useful for later matching against specific subreddit chatter.",locally_repeated,Cluster row covering arson and drone-dropped munitions reported in a single local live article.
CFV_20250202_01,2025-02-02,,exact_day,src_lorient_today,L'Orient Today,English,https://today.lorientlejour.com/article/1492507/abducted-after-the-cease-fire-nine-lebanese-remain-imprisoned-in-israel.html,"Abducted after the cease-fire, nine Lebanese remain imprisoned in Israel","Abducted after the cease-fire, nine Lebanese remain imprisoned in Israel",Retrospective reporting identified fisherman Mohammad Jouhair as abducted off the Naqoura coast on 2 February 2025.,Lebanon,South Governorate,Off Naqoura coast,Israel; Lebanese fisherman,kidnapping,detention_or_kidnapping,Mohammad Jouhair,Israeli army,Abduction reported,Civilian fisherman / maritime detainee,ceasefire_enforcement,raid_or_kidnapping;obscure_name_watchlist;direct_hostility_trigger,4,Maritime abduction with a named individual is the sort of highly specific local detail that would stand out if echoed online.,single_source,Retrospective detainee row.
CFV_20250212_01,2025-02-12,2025-02-12,exact_day,src_lorient_today,L'Orient Today,English,https://today.lorientlejour.com/article/1447488/precarious-calm-in-southern-lebanon-one-killed-in-israeli-strike-on-rafah-live.html,Lebanon continues demand for 'complete Israeli withdrawal' by Feb. 18,Lebanon continues demand for 'complete Israeli withdrawal' by Feb. 18,Local ceasefire coverage described Israeli insistence on remaining at strategic points and continuing demolitions in Mais al-Jabal and Houla ahead of the withdrawal deadline.,Lebanon,Nabatieh Governorate,Mais al-Jabal; Houla; five strategic points in south Lebanon,Israel; Lebanese state; local residents,military_movement,occupation_presence,,Israeli army; Lebanese government,No single casualty number emphasized in the cited line; focus was on demolition and non-withdrawal,"Occupied hilltops, homes, and infrastructure in border villages",ceasefire_enforcement,border_incursion_or_ground_activity;anti_lebanese_state_or_state_failure;direct_hostility_trigger,4,Extended occupation/failure-to-withdraw can trigger sovereignty and 'who is to blame' debates.,locally_repeated,Use as an occupation-presence milestone rather than a casualty-heavy row.
CFV_20250215_01,2025-02-15,2025-02-15,exact_day,src_aljazeera_ar,Al Jazeera Arabic,Arabic,https://www.aljazeera.net/news/2025/2/15/%D9%82%D8%AA%D9%84%D9%89-%D9%88%D8%AC%D8%B1%D8%AD%D9%89-%D9%81%D9%8A-%D8%BA%D8%A7%D8%B1%D8%A9-%D8%A5%D8%B3%D8%B1%D8%A7%D8%A6%D9%8A%D9%84%D9%8A%D8%A9-%D8%A8%D8%AC%D9%86%D9%88%D8%A8,قتيلان وجرحى في غارة إسرائيلية بجنوب لبنان,Two killed and several wounded in an Israeli strike in south Lebanon,"An Israeli strike in south Lebanon killed two people and wounded others, with local reporting pointing to areas including Jrouj al-Louaizeh and Ainata.",Lebanon,Nabatieh Governorate,Jrouj al-Louaizeh; Ainata,Israel; Lebanese victims,strike,airstrike,,Israeli army,2 killed and others wounded,Vehicle / strike site in south Lebanon,ceasefire_enforcement,civilian_harm;direct_hostility_trigger;drone_or_airspace_violation;obscure_name_watchlist,4,Arabic regional sourcing plus obscure locality names make this a strong cross-reference row.,regionally_confirmed,Locality transliteration varies in English-language media.
CFV_20250216_01,2025-02-16,,exact_day,src_lorient_today,L'Orient Today,English,https://today.lorientlejour.com/article/1492507/abducted-after-the-cease-fire-nine-lebanese-remain-imprisoned-in-israel.html,"Abducted after the cease-fire, nine Lebanese remain imprisoned in Israel","Abducted after the cease-fire, nine Lebanese remain imprisoned in Israel",Retrospective reporting identified Mortada Mhanna as abducted in Bint Jbeil on 16 February 2025.,Lebanon,Nabatieh Governorate,Bint Jbeil,Israel; Lebanese detainee,kidnapping,detention_or_kidnapping,Mortada Mhanna,Israeli army,Abduction reported,Civilian detainee,ceasefire_enforcement,raid_or_kidnapping;obscure_name_watchlist;direct_hostility_trigger,4,Named detainee rows create a useful test for unusually specific later references.,single_source,Retrospective detainee row.
CFV_20250222_01,2025-02-22,2025-02-22,exact_day,src_lorient_today,L'Orient Today,English,https://today.lorientlejour.com/article/1448845/cease-fire-with-israel-what-is-the-situation-in-lebanon-since-feb-18.html,Cease-fire with Israel: What is the situation in Lebanon since Feb. 18?,Cease-fire with Israel: What is the situation in Lebanon since Feb. 18?,"After the withdrawal deadline, local reporting said Israel still occupied seven points in south Lebanon.",Lebanon,South Lebanon,Seven retained positions in border area,Israel; Lebanon,military_movement,occupation_presence,,Israeli army,,Hilltops and retained positions south of the Litani line,ceasefire_enforcement,border_incursion_or_ground_activity;anti_lebanese_state_or_state_failure;direct_hostility_trigger,4,"Chronic non-withdrawal is a strong candidate for repeated blame, sovereignty, and peace-process argument.",locally_repeated,Position count can vary slightly by source/date; this row follows the cited local summary.
CFV_20250225_01,2025-02-25,2025-02-25,exact_day,src_aljazeera_ar,Al Jazeera Arabic,Arabic,https://www.aljazeera.net/news/2025/2/25/%D9%82%D8%AA%D9%8A%D9%84%D8%A7%D9%86-%D9%81%D9%8A-%D8%B6%D8%B1%D8%A8%D8%A9-%D8%A7%D8%B3%D8%B1%D8%A7%D8%A6%D9%8A%D9%84%D9%8A%D8%A9-%D8%B9%D9%84%D9%89-%D8%B4%D8%B1%D9%82-%D9%84%D8%A8%D9%86%D8%A7%D9%86,قتيلان في ضربة إسرائيلية على شرق لبنان,Two killed in an Israeli strike on eastern Lebanon,"A strike in eastern Lebanon killed two people, while the same day's regional coverage also noted overflights over Hermel and Sidon and flares between Alma al-Shaab and Naqoura.",Lebanon,Beqaa / South Governorate / North airspace,Eastern Lebanon; Hermel; Sidon; Alma al-Shaab; Naqoura,Israel; Lebanese victims,strike,airstrike,,Israeli army,2 killed,Strike site in eastern Lebanon and broader surveillance over south/coastal areas,ceasefire_enforcement,drone_or_airspace_violation;civilian_harm;direct_hostility_trigger;syria_spillover,3,Useful for connecting non-south-Lebanon incidents and persistent overflight patterns into the discourse map.,regionally_confirmed,Coverage grouped multiple same-day incidents across regions.
CFV_20250305_01,2025-03-05,2025-03-05,exact_day,src_anadolu,Anadolu Agency,English,https://www.aa.com.tr/en/middle-east/2-lebanese-injured-in-israeli-drone-strike-amid-ceasefire-violations/3500620,2 Lebanese injured in Israeli drone strike amid ceasefire violations,2 Lebanese injured in Israeli drone strike amid ceasefire violations,An Israeli drone strike injured two brothers collecting scrap metal in Ras al-Naqoura.,Lebanon,South Governorate,Ras al-Naqoura,Israel; Lebanese civilians,drone,airstrike,,Israeli army,2 injured,Civilian scrap collectors,ceasefire_enforcement,civilian_harm;drone_or_airspace_violation;direct_hostility_trigger,3,Low-level civilian-targeting allegation in a specific border locality is the kind of detail that later comment references can make notable.,regionally_confirmed,Short agency brief; retains only clearly stated details.
CFV_20250306_01,2025-03-06,2025-03-06,exact_day,src_lorient_today,L'Orient Today,English,https://today.lorientlejour.com/article/1450661/lebanese-army-denounces-israeli-violations-threaten-lebanons-stability.html,Lebanese Army denounces Israeli violations 'threaten Lebanon's stability',Lebanese Army denounces Israeli violations 'threaten Lebanon's stability',The Lebanese Army publicly said ongoing Israeli violations were threatening Lebanon's stability.,Lebanon,Official military statement,Beirut / army statement context,Lebanese Army; Israel,political_statement,other,,Lebanese Army; Israeli army,,Ceasefire regime and domestic stability,ceasefire_enforcement,anti_lebanese_state_or_state_failure;diplomacy_or_mediation;direct_hostility_trigger,3,Institutional denunciation row useful for testing whether state-language cues precede state-failure or blame threads.,locally_repeated,Not a kinetic row; included because state reaction is part of the user's requested event field universe.
CFV_20250315_01,2025-03-15,2025-03-15,exact_day,src_lorient_today,L'Orient Today,English,https://today.lorientlejour.com/article/1451852/-live.html,Live coverage of South Lebanon incidents on 15 March 2025,Live coverage of South Lebanon incidents on 15 March 2025,An Israeli strike in Burj al-Muluk killed one person during continued post-ceasefire hostilities.,Lebanon,Nabatieh Governorate,Burj al-Muluk,Israel; Lebanese victim,strike,airstrike,,Israeli army,1 killed,Strike site in Burj al-Muluk,ceasefire_enforcement,civilian_harm;direct_hostility_trigger;obscure_name_watchlist,3,Specific village-name row useful for high-granularity matching against later posts or comments.,single_source,Source is a live page with multiple updates; row extracts one named incident.
CFV_20250322_01,2025-03-22,2025-03-22,exact_day,src_lorient_today,L'Orient Today,English,https://today.lorientlejour.com/article/1452884/israel-threatens-to-respond-accordingly-to-rockets-fired-from-southern-lebanon-live.html,Israel threatens to respond accordingly to rockets fired from southern Lebanon,Israel threatens to respond accordingly to rockets fired from southern Lebanon,"After rockets were fired from southern Lebanon, Israel launched a new wave of deadly strikes across south Lebanon and the Bekaa.",Lebanon,South Lebanon; Bekaa,Multiple localities in south Lebanon and the Bekaa,Israel; rocket-firing group from Lebanon; Lebanese civilians,strike,airstrike,,Israeli army,Deadly strikes reported; exact cumulative casualty figure varied through the live coverage,Multiple sites across south Lebanon and the Bekaa,ceasefire_enforcement,direct_hostility_trigger;civilian_harm;drone_or_airspace_violation;palestine_or_gaza_context,4,"A classic escalation chain likely to trigger argument about who fired first, Hezbollah control, and collective punishment.",strongly_multi_sourced,The live article tied together rocket fire and subsequent Israeli retaliation.
CFV_20250323_01,2025-03-23,2025-03-23,exact_day,src_anadolu,Anadolu Agency,English,https://www.aa.com.tr/en/middle-east/several-injured-in-israeli-drone-strike-in-southern-lebanon-despite-ceasefire/3517902,Several injured in Israeli drone strike in southern Lebanon despite ceasefire,Several injured in Israeli drone strike in southern Lebanon despite ceasefire,A drone strike in Aita al-Shaab injured several people despite the ongoing ceasefire framework.,Lebanon,Nabatieh Governorate,Aita al-Shaab,Israel; Lebanese civilians,drone,airstrike,,Israeli army,Several injured,People or vehicle in Aita al-Shaab,ceasefire_enforcement,civilian_harm;drone_or_airspace_violation;direct_hostility_trigger,3,A localized injury incident in a frontier village can matter if later mirrored in highly specific subreddit language.,regionally_confirmed,Short wire brief; retains only confirmed elements.
CFV_20250327_01,2025-03-27,2025-03-27,exact_day,src_lorient_today,L'Orient Today,English,https://today.lorientlejour.com/article/1453523/two-dead-in-israeli-drone-strikes-in-south-lebanon.html,Three dead in Israeli drone strikes in south Lebanon,Three dead in Israeli drone strikes in south Lebanon,"Israeli drone strikes killed three people across south-Lebanon incidents, including a car strike in Yohmor al-Shaqif; local names reported included Hussein Ali Hilal, Fawzat Noureddine, and Mohammad Sultan.",Lebanon,Nabatieh Governorate,Yohmor al-Shaqif; Arnoun; Qaaqaiyat al-Jisr,Israel; Lebanese victims,drone,targeted_killing,Hussein Ali Hilal; Fawzat Noureddine; Mohammad Sultan,Israeli army,3 killed,Vehicle and multiple strike sites,ceasefire_enforcement,civilian_harm;drone_or_airspace_violation;obscure_name_watchlist;direct_hostility_trigger,4,Contains multiple uncommon names and villages that would be highly informative if later echoed online.,locally_repeated,Important obscure-name cluster row for March 2025.
CFV_20250328_01,2025-03-28,2025-03-28,exact_day,src_lorient_today,L'Orient Today,English,https://today.lorientlejour.com/article/1453755/first-israeli-strike-on-beiruts-southern-suburbs-since-cease-fire.html,First Israeli strike on Beirut's southern suburbs since cease-fire,First Israeli strike on Beirut's southern suburbs since cease-fire,Israel struck Beirut's southern suburbs for the first time since the ceasefire.,Lebanon,Beirut / Mount Lebanon,Beirut southern suburbs (Dahiyeh),Israel; Hezbollah; Lebanese civilians,strike,airstrike,,Israeli army; Hezbollah,See major-event layer and follow-up reporting for casualty details,Urban Beirut southern-suburb site,ceasefire_enforcement,assassination_or_targeted_strike;direct_hostility_trigger;civilian_harm,5,Major ceasefire-window rupture that likely tracks directly onto the March 2025 subreddit spike.,strongly_multi_sourced,Duplicated in major timeline by design.
CFV_20250331_01,2025-03-31,2025-03-31,exact_day,src_nna,National News Agency (NNA),English,https://nna-leb.gov.lb/en/justice-law/769617/intensive-enemy-overflights-in-south,Intensive enemy overflights in South,Intensive enemy overflights in South,"NNA reported intensive Israeli overflights over south Lebanon and said artificial-intelligence target scanning was focused on people linked to rocket fire from Kfar Tibnit, Arnoun, and Qaaqaiyat al-Jisr.",Lebanon,Nabatieh Governorate,Kfar Tibnit; Arnoun; Qaaqaiyat al-Jisr; broader south-Lebanon airspace,Israel; south-Lebanon residents,drone,surveillance,,Israeli army; NNA,No casualty figure stated in the cited brief,Aerial surveillance and potential target-search over south Lebanon,ceasefire_enforcement,drone_or_airspace_violation;obscure_name_watchlist;direct_hostility_trigger,4,Highly specific locality names plus surveillance framing are especially useful for later correlation work.,single_source,This is a surveillance-pattern row rather than a strike row.
CFV_20250401_01,2025-04-01,2025-04-01,exact_day,src_lorient_today,L'Orient Today,English,https://today.lorientlejour.com/article/1454067/israeli-air-force-bombs-beirut-southern-suburbs-overnight.html,Israeli Air Force bombs Beirut southern suburbs overnight,Israeli Air Force bombs Beirut southern suburbs overnight,A renewed overnight strike on Beirut's southern suburbs killed Hezbollah-linked figure Hassan Bdeir and others.,Lebanon,Beirut / Mount Lebanon,"Dahiyeh, Beirut southern suburbs",Israel; Hezbollah; Lebanese civilians,assassination,targeted_killing,Hassan Bdeir,Hezbollah; Israeli army,Several killed including Hassan Bdeir,Urban apartment/building site,ceasefire_enforcement,anti_hezbollah;assassination_or_targeted_strike;civilian_harm;obscure_name_watchlist;direct_hostility_trigger,5,Named-target row in Dahiyeh is likely to generate exceptionally strong reaction and discourse signal.,strongly_multi_sourced,Duplicated in major timeline because it is both a chronic-violation row and a major shock.
CFV_20250407_01,2025-04-07,2025-04-07,exact_day,src_lorient_today,L'Orient Today,English,https://today.lorientlejour.com/article/1454969/one-killed-in-israeli-drone-strike-on-southern-lebanon.html,Hezbollah member killed in Israeli drone strike on southern Lebanon,Hezbollah member killed in Israeli drone strike on southern Lebanon,An Israeli drone strike in Taybeh killed Mohammad Adnan Mansour; related same-night strikes hit Naqoura and Aita al-Shaab.,Lebanon,Nabatieh Governorate / South Governorate,Taybeh; Naqoura; Aita al-Shaab,Israel; Hezbollah member; residents,drone,targeted_killing,Mohammad Adnan Mansour,Hezbollah; Israeli army,1 killed,Individual in Taybeh and additional south-Lebanon sites,ceasefire_enforcement,anti_hezbollah;assassination_or_targeted_strike;drone_or_airspace_violation;obscure_name_watchlist;direct_hostility_trigger,4,Named Hezbollah-member row with multiple villages is likely useful for high-specificity cross-referencing.,locally_repeated,Cited headline identifies the dead man as a Hezbollah member.
CFV_20250415_01,2025-04-15,2025-04-15,exact_day,src_lorient_lejour,L'Orient-Le Jour,French,https://www.lorientlejour.com/article/1456134/onu-des-frappes-israeliennes-ont-fait-au-moins-71-morts-au-liban-depuis-le-debut-du-cessez-le-feu.html,ONU : des frappes israéliennes ont fait au moins 71 morts au Liban depuis le début du cessez-le-feu,UN: Israeli strikes have killed at least 71 people in Lebanon since the start of the ceasefire,"OHCHR said Israeli strikes had killed at least 71 people in Lebanon since the ceasefire began, including civilians.",Lebanon,National / south-Lebanon ceasefire area,Aggregate national tally,OHCHR; Israel; Lebanese civilians,political_statement,other,,Office of the UN High Commissioner for Human Rights; Israeli army,At least 71 killed since the ceasefire began,Ceasefire monitoring and civilian casualty tally,ceasefire_enforcement,civilian_harm;diplomacy_or_mediation;anti_lebanese_state_or_state_failure,4,Useful cumulative benchmark for testing whether local discourse tracks actual violation severity or only headline events.,regionally_confirmed,Aggregate-tally row.
CFV_20250427_01,2025-04-27,2025-04-27,exact_day,src_naharnet,Naharnet,English,https://www.naharnet.com/stories/en/312424-israeli-drone-strike-on-south-lebanon-kills-one,Israeli drone strike on south Lebanon kills one,Israeli drone strike on south Lebanon kills one,A drone strike in Halta killed one person on the same day Beirut's southern suburbs were also hit again.,Lebanon,Nabatieh Governorate,Halta,Israel; Lebanese victim,drone,airstrike,,Israeli army,1 killed,Person/vehicle in Halta,ceasefire_enforcement,civilian_harm;drone_or_airspace_violation;direct_hostility_trigger;obscure_name_watchlist,3,Secondary same-day south-Lebanon strike that helps capture escalation density beyond Beirut headlines.,locally_repeated,Useful paired row with same-day Beirut strike context.
CFV_20250515_01,2025-05-15,2025-05-15,exact_day,src_lorient_today,L'Orient Today,English,https://today.lorientlejour.com/article/1460385/israeli-drone-strike-kills-one-in-southern-lebanon-bombs-prefabricated-buildings.html,"Israeli drone strike kills one in southern Lebanon, bombs prefabricated buildings","Israeli drone strike kills one in southern Lebanon, bombs prefabricated buildings","A crane strike between Arnoun and Yohmor killed Mohammad Marouni, while Israeli fire also hit prefabricated structures in Houla and Odaisseh and a house in Kfar Kila.",Lebanon,Nabatieh Governorate,Arnoun; Yohmor; Houla; Odaisseh; Kfar Kila; Jabal al-Sadana,Israel; Lebanese victims; local residents,drone,targeted_killing,Mohammad Marouni,Israeli army,1 killed,Crane operator and prefabricated civilian/reconstruction structures,ceasefire_enforcement,civilian_harm;drone_or_airspace_violation;obscure_name_watchlist;anti_lebanese_state_or_state_failure;direct_hostility_trigger,4,Combines a named death with reconstruction-targeting and several obscure villages/locations.,locally_repeated,High-value row for cross-referencing reconstruction discourse and specific local names.
CFV_20250518_01,2025-05-18,2025-05-18,exact_day,src_lorient_today,L'Orient Today,English,https://today.lorientlejour.com/article/1460733/lebanese-army-soldier-wounded-in-israeli-drone-strike-in-southern-lebanon.html,Lebanese Army soldier wounded in Israeli drone strike in southern Lebanon,Lebanese Army soldier wounded in Israeli drone strike in southern Lebanon,A drone strike wounded a Lebanese Army soldier in south Lebanon.,Lebanon,South Lebanon,South-Lebanon military position area,Israel; Lebanese Army,drone,airstrike,,Lebanese Army; Israeli army,1 Lebanese Army soldier wounded,Lebanese Army personnel,ceasefire_enforcement,drone_or_airspace_violation;anti_lebanese_state_or_state_failure;direct_hostility_trigger,4,Direct strike on state security personnel can intensify debates about Lebanese sovereignty and state weakness.,locally_repeated,"Military-personnel targeting row, distinct from civilian rows."
CFV_20250520_01,2025-05-20,2025-05-20,exact_day,src_lorient_today,L'Orient Today,English,https://today.lorientlejour.com/article/1461007/israeli-drone-strike-injures-9-including-children-in-southern-lebanon.html,"Israeli drone strike injures 9, including children, in southern Lebanon","Israeli drone strike injures 9, including children, in southern Lebanon","An Israeli drone strike in Sour district injured nine people, including children.",Lebanon,South Governorate,Sour district,Israel; Lebanese civilians,drone,airstrike,,Israeli army,"9 injured, including children",Civilian area in Sour district,ceasefire_enforcement,civilian_harm;drone_or_airspace_violation;direct_hostility_trigger,4,Civilian injury to children is a strong emotional trigger and useful for testing whether the subreddit amplifies or suppresses such incidents.,locally_repeated,Child-casualty row may matter for later humanitarian-framing analysis.
CFV_20250529_01,2025-05-29,2025-05-29,exact_day,src_lorient_today,L'Orient Today,English,https://today.lorientlejour.com/article/1462297/israel-kills-municipal-employee-tending-to-towns-water-pump.html,Israel kills municipal employee tending to town's water pump,Israel kills municipal employee tending to town's water pump,"A municipal employee was killed while tending to a town water pump, according to local reporting.",Lebanon,South Lebanon,Municipal water-pump site,Israel; municipal employee; local residents,drone,targeted_killing,,Israeli army; local municipality,1 killed,Municipal worker / water infrastructure context,ceasefire_enforcement,civilian_harm;anti_lebanese_state_or_state_failure;direct_hostility_trigger,4,"Civic-infrastructure context can test whether discourse centers civilians, Hezbollah, or state incapacity.",locally_repeated,The employee's name was not normalized in the summary available here.
CFV_20250531_01,2025-05-31,2025-05-31,exact_day,src_lorient_today,L'Orient Today,English,https://today.lorientlejour.com/article/1462623/israel-strike-on-south-lebanon-kills-one.html,Israel strike on South Lebanon kills one,Israel strike on South Lebanon kills one,A south-Lebanon strike killed one person at the end of May 2025.,Lebanon,South Lebanon,South-Lebanon strike locality,Israel; Lebanese victim,strike,airstrike,,Israeli army,1 killed,Person/vehicle at strike site,ceasefire_enforcement,civilian_harm;direct_hostility_trigger,3,Another low-visibility lethal incident in the chronic-violation pattern.,locally_repeated,Locality name not recovered from the brief summary at hand.
CFV_20250604_01,2025-06-04,,exact_day,src_lorient_today,L'Orient Today,English,https://today.lorientlejour.com/article/1492507/abducted-after-the-cease-fire-nine-lebanese-remain-imprisoned-in-israel.html,"Abducted after the cease-fire, nine Lebanese remain imprisoned in Israel","Abducted after the cease-fire, nine Lebanese remain imprisoned in Israel",Retrospective reporting identified Ali Fneich as abducted off the Naqoura coast on 4 June 2025.,Lebanon,South Governorate,Off Naqoura coast,Israel; Lebanese detainee,kidnapping,detention_or_kidnapping,Ali Fneich,Israeli army,Abduction reported,Civilian/maritime detainee,ceasefire_enforcement,raid_or_kidnapping;obscure_name_watchlist;direct_hostility_trigger,4,Named maritime detainee in a recurring Naqoura abduction pattern may be revealing if it later surfaces online.,single_source,Retrospective detainee row.
CFV_20250607_01,2025-06-07,,exact_day,src_lorient_today,L'Orient Today,English,https://today.lorientlejour.com/article/1492507/abducted-after-the-cease-fire-nine-lebanese-remain-imprisoned-in-israel.html,"Abducted after the cease-fire, nine Lebanese remain imprisoned in Israel","Abducted after the cease-fire, nine Lebanese remain imprisoned in Israel",Retrospective reporting identified Maher Hamdan as abducted in the Mount Hermon sector on 7 June 2025.,Lebanon,South Lebanon border / Hasbaya sector,Mount Hermon sector,Israel; Lebanese detainee,kidnapping,detention_or_kidnapping,Maher Hamdan,Israeli army,Abduction reported,Civilian/border detainee,ceasefire_enforcement,raid_or_kidnapping;obscure_name_watchlist;direct_hostility_trigger;border_incursion_or_ground_activity,4,Mount Hermon detention case adds an unusual frontier-specific place reference for later matching.,single_source,Retrospective detainee row.
CFV_20250612_01,2025-06-12,2025-06-12,exact_day,src_lorient_lejour,L'Orient-Le Jour,French,https://www.lorientlejour.com/article/1464279/violations-du-cessez-le-feu-israel-cible-un-secouriste-dal-rissala-et-fait-exploser-une-ferme-avicole.html,Violations du cessez-le-feu : Israël cible un secouriste d'al-Rissala et fait exploser une ferme avicole,Ceasefire violations: Israel targets an al-Rissala rescuer and blows up a poultry farm,French local coverage reported that Israel targeted an al-Rissala rescuer and destroyed a poultry farm in south Lebanon.,Lebanon,South Lebanon,South-Lebanon medic and farm sites,Israel; al-Rissala rescuer; local civilians,strike,airstrike,,al-Rissala Scouts/Rescue Association; Israeli army,Targeting reported; the brief summary does not normalize a casualty figure here,Medic/rescuer and civilian agricultural infrastructure,ceasefire_enforcement,civilian_harm;direct_hostility_trigger;obscure_name_watchlist;anti_lebanese_state_or_state_failure,4,Blends a little-known rescue organization with infrastructure targeting—useful for spotting unusual later references.,locally_repeated,French local row with organizational-reference value even where casualty specifics are thin.
CFV_20250613_01,2025-06-13,2025-06-13,exact_day,src_naharnet,Naharnet,English,https://www.naharnet.com/stories/en/313462-wave-of-israeli-airstrikes-targets-south-lebanon-as-drones-overfly-dahieh,Wave of Israeli airstrikes targets south Lebanon as drones overfly Dahieh,Wave of Israeli airstrikes targets south Lebanon as drones overfly Dahieh,A wave of airstrikes hit south Lebanon while drones overflew Beirut's southern suburbs.,Lebanon,South Lebanon; Beirut / Mount Lebanon,South-Lebanon strike localities; Dahiyeh airspace,Israel; residents in south Lebanon and Dahiyeh,drone,drone_overflight,,Israeli army,Not standardized in the short brief,South-Lebanon targets and Dahiyeh airspace,ceasefire_enforcement,drone_or_airspace_violation;direct_hostility_trigger,3,Extends the pattern of chronic airpower projection beyond the rural south into Beirut's airspace.,locally_repeated,Short-brief overflight row.
CFV_20250618_01,2025-06-18,2025-06-18,exact_day,src_lorient_today,L'Orient Today,English,https://today.lorientlejour.com/article/1465381/israeli-army-targets-empty-house-in-southern-lebanon.html,Israeli army targets empty house in southern Lebanon,Israeli army targets empty house in southern Lebanon,"Israel targeted an empty house in Barish and later a motorbike, while leaflets threatened residents of Mais al-Jabal and Aitaroun and fishermen off Tyre and Naqoura were warned away.",Lebanon,South Governorate / Nabatieh Governorate,Barish; Mais al-Jabal; Aitaroun; Tyre coast; Naqoura coast,Israel; residents; fishermen,strike,surveillance,,Israeli army,Property damage and intimidation reported; no unified casualty count emphasized,"House, motorbike, residents, and fishermen under leaflet/threat campaign",ceasefire_enforcement,drone_or_airspace_violation;obscure_name_watchlist;anti_lebanese_state_or_state_failure;direct_hostility_trigger,4,Strong locality density plus unusual fishermen-threat element make this high value for later textual joins.,locally_repeated,Mixed intimidation and strike row.
CFV_20250624_01,2025-06-24,2025-06-24,exact_day,src_lorient_today,L'Orient Today,English,https://today.lorientlejour.com/article/1466363/israeli-strike-on-a-vehicle-in-southern-lebanon-kills-3.html,Israeli strike on a vehicle in southern Lebanon kills 3,Israeli strike on a vehicle in southern Lebanon kills 3,A strike on a vehicle in southern Lebanon killed three people.,Lebanon,South Lebanon,Vehicle strike site in south Lebanon,Israel; Lebanese victims,strike,targeted_killing,,Israeli army,3 killed,Vehicle,ceasefire_enforcement,civilian_harm;assassination_or_targeted_strike;direct_hostility_trigger,4,Simple but severe lethal row useful for matching end-of-June discourse spikes or recurring blame patterns.,locally_repeated,Named victims not recovered from the summary available here.
