link_id,post_id,month,title,permalink,post_author,post_flair,comments,unique_authors,reply_comments,reply_ratio,comments_per_author,hebrew_comments,hostility_comments,identity_challenge_comments,palestine_comments,security_comments,fight_score
t3_1g612wr,1g612wr,2024-10,Very curious question ,/r/ForbiddenBromance/comments/1g612wr/very_curious_question/,Current-Meal9360,Lebanese,197,65,158,0.802,3.031,0,31,28,27,67,230.102
t3_1ex7mkr,1ex7mkr,2024-08,"Even if Hezbollah were gone, could there be peace?",/r/ForbiddenBromance/comments/1ex7mkr/even_if_hezbollah_were_gone_could_there_be_peace/,memyselfandi12358,Unflaired/Unknown,225,49,208,0.924,4.592,0,25,27,69,36,208.673
t3_1cfgylh,1cfgylh,2024-04,Why do Lebanese people hate Israeli unproprtionally to how Israeli view lebanese people?,/r/ForbiddenBromance/comments/1cfgylh/why_do_lebanese_people_hate_israeli/,lucks1234,Unflaired/Unknown,173,54,145,0.838,3.204,3,23,24,68,29,188.67
t3_18b8z4y,18b8z4y,2023-12,Israeli Christian-Lebanese gives a speech at a pro Israel rally in Canada,/r/ForbiddenBromance/comments/18b8z4y/israeli_christianlebanese_gives_a_speech_at_a_pro/,traumaking4eva,Unflaired/Unknown,100,15,92,0.92,6.667,0,31,8,41,19,179.733
t3_12hquhm,12hquhm,2023-04,Lebanon will have peace with Israel (its only a matter of time),/r/ForbiddenBromance/comments/12hquhm/lebanon_will_have_peace_with_israel_its_only_a/,Red-HawkEye,Unflaired/Unknown,136,45,106,0.779,3.022,1,28,12,24,13,170.133
t3_1hdxtq7,1hdxtq7,2024-12,That did not look pleasant at all and im fairly mad tbh,/r/ForbiddenBromance/comments/1hdxtq7/that_did_not_look_pleasant_at_all_and_im_fairly/,Realistic_Half_6296,Lebanese,230,98,182,0.791,2.347,1,22,18,19,64,163.02
t3_1aqu3a0,1aqu3a0,2024-02,(For Israeli Bros) Thoughts,/r/ForbiddenBromance/comments/1aqu3a0/for_israeli_bros_thoughts/,SheepherdingAnt,Unflaired/Unknown,71,39,35,0.493,1.821,1,22,20,35,31,162.0
t3_pm49br,pm49br,2021-09,Ban speedrun attempt number 1,/r/ForbiddenBromance/comments/pm49br/ban_speedrun_attempt_number_1/,[deleted],Unflaired/Unknown,195,17,191,0.979,11.471,0,13,22,41,37,160.531
t3_1rpvfww,1rpvfww,2026-03,"Israelis, do you believe that you can forgive Palestinians one day and move forward?",/r/ForbiddenBromance/comments/1rpvfww/israelis_do_you_believe_that_you_can_forgive/,Wise_Parmaria,Unflaired/Unknown,240,78,183,0.762,3.077,1,20,19,91,30,158.904
t3_1rm9hnf,1rm9hnf,2026-03,Change my mind : I do not want peace or any relations with Lebanon. ( only non-war),/r/ForbiddenBromance/comments/1rm9hnf/change_my_mind_i_do_not_want_peace_or_any/,lucks1234,Unflaired/Unknown,153,35,130,0.85,4.371,0,20,16,23,38,153.736
t3_1ga4m50,1ga4m50,2024-10,How do some people think Hezbollah is winning,/r/ForbiddenBromance/comments/1ga4m50/how_do_some_people_think_hezbollah_is_winning/,Euphoric_Poetry_6580,Unflaired/Unknown,181,57,161,0.89,3.175,0,22,12,29,48,148.141
t3_19cxsij,19cxsij,2024-01,r/Palestinian_Violence,/r/ForbiddenBromance/comments/19cxsij/rpalestinian_violence/,Correct-Praline-2312,Unflaired/Unknown,132,48,105,0.795,2.75,0,20,14,47,13,143.409
t3_1hx7r4s,1hx7r4s,2025-01,Israel is hinting that they will not withdraw from Lebanon,/r/ForbiddenBromance/comments/1hx7r4s/israel_is_hinting_that_they_will_not_withdraw/,InitialLiving6956,Unflaired/Unknown,114,32,98,0.86,3.562,0,18,15,20,50,141.318
t3_1dnffbf,1dnffbf,2024-06,"Lebanese people can’t control Hizbollah, we don’t deserve to be hit if this war happens ",/r/ForbiddenBromance/comments/1dnffbf/lebanese_people_cant_control_hizbollah_we_dont/,Antique-Ad-2618,Unflaired/Unknown,257,61,221,0.86,4.213,1,17,14,39,60,136.125
t3_gstv9b,gstv9b,2020-05,It sometimes feels like most or at least a lot of people on this sub have no peace or friendship in mind,/r/ForbiddenBromance/comments/gstv9b/it_sometimes_feels_like_most_or_at_least_a_lot_of/,[deleted],Unflaired/Unknown,78,22,68,0.872,3.545,0,15,17,37,12,135.527
t3_g8byea,g8byea,2020-04,Genuine question: how are lebanese supposed to ever one day have peace with Israel?,/r/ForbiddenBromance/comments/g8byea/genuine_question_how_are_lebanese_supposed_to/,Nader_OwO,Lebanese,139,27,121,0.871,5.148,0,17,13,16,16,134.706
t3_vrx4le,vrx4le,2022-07,so how do you guys justify israel violating lebanese airspace every week almost,/r/ForbiddenBromance/comments/vrx4le/so_how_do_you_guys_justify_israel_violating/,Lil_jayye,Unflaired/Unknown,192,27,177,0.922,7.111,0,15,13,35,39,131.66
t3_1mao6jt,1mao6jt,2025-07,"Israeli brothers and sisters here, help me understand.",/r/ForbiddenBromance/comments/1mao6jt/israeli_brothers_and_sisters_here_help_me/,Lovelynshh,Unflaired/Unknown,144,54,108,0.75,2.667,0,8,26,82,27,130.333
t3_ozwlwh,ozwlwh,2021-08,Would Israelis be down for peace with Palestinians and the Lebanese?,/r/ForbiddenBromance/comments/ozwlwh/would_israelis_be_down_for_peace_with/,HRT-713,Non-Canaanite,131,39,107,0.817,3.359,0,8,25,67,9,130.054
t3_p29iwd,p29iwd,2021-08,Imagine loving israel niggas.You are literally betraying the people that died in 2000 and 2006 forgetting israeli war crimes and supporting war crimes agaist arabs and even jewsih mistreated people.I am ashamed by this sub reddit.And its creator.I hope you all get a piece of justice.Goodbye fuckers.,/r/ForbiddenBromance/comments/p29iwd/imagine_loving_israel_niggasyou_are_literally/,Carlos_The_Roach,Unflaired/Unknown,117,18,107,0.915,6.5,2,15,12,35,11,128.291
t3_1dzzs0y,1dzzs0y,2024-07,"Does anyone else hate the term ""brown people""?",/r/ForbiddenBromance/comments/1dzzs0y/does_anyone_else_hate_the_term_brown_people/,miriam__bergman,Unflaired/Unknown,86,40,60,0.698,2.15,0,23,6,12,3,128.253
t3_1ayglza,1ayglza,2024-02,P H U C K ISRAEL,/r/ForbiddenBromance/comments/1ayglza/p_h_u_c_k_israel/,Substantial-Pen-6984,Unflaired/Unknown,101,22,91,0.901,4.591,0,24,1,10,4,126.202
t3_1giw6b4,1giw6b4,2024-11,For Lebanese people on this subreddit. What are your views on Israel?,/r/ForbiddenBromance/comments/1giw6b4/for_lebanese_people_on_this_subreddit_what_are/,Original-Medicine-99,Unflaired/Unknown,94,41,79,0.84,2.293,2,15,14,35,23,124.394
t3_1h0nw1n,1h0nw1n,2024-11,Is it fucking finally over?!?! 😭😭😭😭😭😭😭😭😭😭,/r/ForbiddenBromance/comments/1h0nw1n/is_it_fucking_finally_over/,Current-Meal9360,Lebanese,144,46,117,0.812,3.13,0,14,15,21,22,123.511
t3_1fssf8f,1fssf8f,2024-09,How credible is the jerusalem post?,/r/ForbiddenBromance/comments/1fssf8f/how_credible_is_the_jerusalem_post/,Current-Meal9360,Unflaired/Unknown,176,72,137,0.778,2.444,2,19,7,30,27,118.457
t3_1fz4syd,1fz4syd,2024-10,Benjamin Netanyahu's message to Lebanon,/r/ForbiddenBromance/comments/1fz4syd/benjamin_netanyahus_message_to_lebanon/,LordOfThePoo,Unflaired/Unknown,152,49,130,0.855,3.102,1,16,10,48,36,117.809
t3_1ks1eb4,1ks1eb4,2025-05,Why do Israelis hate the PA?,/r/ForbiddenBromance/comments/1ks1eb4/why_do_israelis_hate_the_pa/,WebFar9897,Unflaired/Unknown,111,49,88,0.793,2.265,1,18,8,42,28,116.886
t3_192aj2y,192aj2y,2024-01,"Israelis, please stop visiting r/lebanon",/r/ForbiddenBromance/comments/192aj2y/israelis_please_stop_visiting_rlebanon/,Shin_Devil,Unflaired/Unknown,99,55,67,0.677,1.8,1,18,9,10,6,116.635
t3_1jcigbm,1jcigbm,2025-03,A corrupt Lebanon can never normalize with Israel,/r/ForbiddenBromance/comments/1jcigbm/a_corrupt_lebanon_can_never_normalize_with_israel/,victoryismind,Lebanese,81,17,67,0.827,4.765,0,12,14,6,14,116.073
t3_1fzy3r4,1fzy3r4,2024-10,I think this thread is needed to settle things once and for all and I hope many israeli people see this.,/r/ForbiddenBromance/comments/1fzy3r4/i_think_this_thread_is_needed_to_settle_things/,Current-Meal9360,Lebanese,137,49,104,0.759,2.796,0,13,14,26,21,114.774
t3_1fjpyzd,1fjpyzd,2024-09,"Lebanese here, safe, I don’t want this war, I’m tired of the hate from both sides",/r/ForbiddenBromance/comments/1fjpyzd/lebanese_here_safe_i_dont_want_this_war_im_tired/,Bombastic-side-eye0,Unflaired/Unknown,82,25,69,0.841,3.28,0,13,13,16,12,114.389
t3_12nj8rr,12nj8rr,2023-04,"Anti-zionist lebanese lurkers on this sub, what terms would you accept for normalization with Israel?",/r/ForbiddenBromance/comments/12nj8rr/antizionist_lebanese_lurkers_on_this_sub_what/,baal-beelzebub,Diaspora Lebanese,139,47,123,0.885,2.957,1,12,14,57,17,114.113
t3_1c192l6,1c192l6,2024-04,Not the Type of Bromance wanted,/r/ForbiddenBromance/comments/1c192l6/not_the_type_of_bromance_wanted/,Previous-Border3774,Unflaired/Unknown,142,53,112,0.789,2.679,53,12,6,11,13,113.633
t3_12p7ten,12p7ten,2023-04,"I asked this question on my timeline, with interesting results.",/r/ForbiddenBromance/comments/12p7ten/i_asked_this_question_on_my_timeline_with/,davidlis,Unflaired/Unknown,94,53,66,0.702,1.774,3,19,6,31,8,113.09
t3_13pu1w6,13pu1w6,2023-05,Where are you from?,/r/ForbiddenBromance/comments/13pu1w6/where_are_you_from/,R_oth,Unflaired/Unknown,162,84,117,0.722,1.929,17,14,10,6,13,112.802
t3_1h462s2,1h462s2,2024-12,Somewhat closeted Zionist? ,/r/ForbiddenBromance/comments/1h462s2/somewhat_closeted_zionist/,Able_Calligrapher958,Unflaired/Unknown,164,57,129,0.787,2.877,0,13,13,38,26,112.486
t3_1gfo1th,1gfo1th,2024-10,"I gave a ride to Israelis, are these stereotypes common?",/r/ForbiddenBromance/comments/1gfo1th/i_gave_a_ride_to_israelis_are_these_stereotypes/,62TiredOfLiving,Unflaired/Unknown,139,73,95,0.683,1.904,0,14,13,13,7,112.477
t3_ozfm88,ozfm88,2021-08,Fuck hezbollah,/r/ForbiddenBromance/comments/ozfm88/fuck_hezbollah/,BIBI_HAMELCH,Israeli,89,31,73,0.82,2.871,0,18,6,7,14,112.146
t3_1bw300c,1bw300c,2024-04,Letter to moderate Muslims of the world,/r/ForbiddenBromance/comments/1bw300c/letter_to_moderate_muslims_of_the_world/,ActiveCarpet1040,Unflaired/Unknown,120,23,109,0.908,5.217,0,13,10,18,23,110.601
t3_1fx4r9n,1fx4r9n,2024-10,Is everyone okay,/r/ForbiddenBromance/comments/1fx4r9n/is_everyone_okay/,shwel_batata0,Unflaired/Unknown,52,16,47,0.904,3.25,0,14,10,6,16,110.577
t3_1972yw1,1972yw1,2024-01,Crossposted from AskMiddleEast,/r/ForbiddenBromance/comments/1972yw1/crossposted_from_askmiddleeast/,turtleshot19147,Unflaired/Unknown,110,60,71,0.645,1.833,0,13,14,18,6,110.576
t3_kytk7b,kytk7b,2021-01,The main reason we still don't have peace with you guys is because we're anti-semites.,/r/ForbiddenBromance/comments/kytk7b/the_main_reason_we_still_dont_have_peace_with_you/,lephalangiste,Lebanese,111,35,95,0.856,3.171,0,18,5,17,2,110.46
t3_194yppn,194yppn,2024-01,Zionist bootlickers,/r/ForbiddenBromance/comments/194yppn/zionist_bootlickers/,gamerballs21,Unflaired/Unknown,89,31,65,0.73,2.871,0,21,2,24,3,110.349
t3_1ayha89,1ayha89,2024-02,no one wants a “bromance” with baby killing psychopathic settlers.,/r/ForbiddenBromance/comments/1ayha89/no_one_wants_a_bromance_with_baby_killing/,Substantial-Pen-6984,Unflaired/Unknown,135,39,109,0.807,3.462,2,19,3,11,5,109.071
t3_1ftzh8d,1ftzh8d,2024-10,"I'm a Palestinian, I'm fed up with this shit show.",/r/ForbiddenBromance/comments/1ftzh8d/im_a_palestinian_im_fed_up_with_this_shit_show/,Anonymous-Balls,Palestinian,176,79,133,0.756,2.228,1,11,15,36,14,109.069
t3_1fox2zq,1fox2zq,2024-09,"I'm a right winger Israeli, actually voted for Ben Gvir. I've been a member here for a while and obviously I'm not here to troll. Ask me anything.",/r/ForbiddenBromance/comments/1fox2zq/im_a_right_winger_israeli_actually_voted_for_ben/,thatbuddzguy,Israeli,125,42,98,0.784,2.976,1,14,10,44,41,108.132
t3_1j1fnfa,1j1fnfa,2025-03,Can someone explain to me why Israel is attacking Syria under pretense of protecting Druze?,/r/ForbiddenBromance/comments/1j1fnfa/can_someone_explain_to_me_why_israel_is_attacking/,CriticalJellyfish207,Unflaired/Unknown,181,40,162,0.895,4.525,2,14,8,15,40,107.951
t3_1dhffxa,1dhffxa,2024-06,Can you guys give more context to this? How do you feel about the legitimacy of this? Lots of Arabs keep bringing this up.,/r/ForbiddenBromance/comments/1dhffxa/can_you_guys_give_more_context_to_this_how_do_you/,Antique-Ad-2618,Unflaired/Unknown,136,78,70,0.515,1.744,2,11,16,15,15,106.781
t3_1gmqsbe,1gmqsbe,2024-11,Why would they do this in a foreign country?,/r/ForbiddenBromance/comments/1gmqsbe/why_would_they_do_this_in_a_foreign_country/,62TiredOfLiving,Unflaired/Unknown,47,17,33,0.702,2.765,0,16,7,11,5,104.572
t3_1fmldoh,1fmldoh,2024-09,I'm scared and I can't help but thinking about Gaza,/r/ForbiddenBromance/comments/1fmldoh/im_scared_and_i_cant_help_but_thinking_about_gaza/,muffinpercent,Israeli,79,30,68,0.861,2.633,0,13,10,47,13,104.482
t3_1rtcwco,1rtcwco,2026-03,"To Israelis: If you were Lebanese, and you see this - What would you think? Put yourself in our shoes.",/r/ForbiddenBromance/comments/1rtcwco/to_israelis_if_you_were_lebanese_and_you_see_this/,orangecyanide,Unflaired/Unknown,170,66,128,0.753,2.576,0,12,12,22,41,104.21
t3_j3kp5q,j3kp5q,2020-10,Everyone in this is a traitor,/r/ForbiddenBromance/comments/j3kp5q/everyone_in_this_is_a_traitor/,Jolly_Independence69,Unflaired/Unknown,115,16,102,0.887,7.188,0,15,4,22,16,104.114
t3_1r43oo8,1r43oo8,2026-02,Why are Christians in Lebanon becoming so antisemitic?,/r/ForbiddenBromance/comments/1r43oo8/why_are_christians_in_lebanon_becoming_so/,Ready-Raise-7480,Unflaired/Unknown,106,24,94,0.887,4.417,0,14,7,11,11,103.569
t3_k64zpi,k64zpi,2020-12,To my Israeli friends : keep doing what you’re doing to Iran,/r/ForbiddenBromance/comments/k64zpi/to_my_israeli_friends_keep_doing_what_youre_doing/,Omni_bahamut,Diaspora Lebanese,28,15,23,0.821,1.867,0,11,13,0,2,103.162
t3_1prw2yn,1prw2yn,2025-12,im 99.9% sure that's not what they're saying,/r/ForbiddenBromance/comments/1prw2yn/im_999_sure_thats_not_what_theyre_saying/,orangecyanide,Unflaired/Unknown,106,41,85,0.802,2.585,4,16,5,3,3,102.208
t3_1fpoilx,1fpoilx,2024-09,"I’m an Israeli Druze, AMA.",/r/ForbiddenBromance/comments/1fpoilx/im_an_israeli_druze_ama/,Israelidru,Israeli,194,78,151,0.778,2.487,7,15,6,7,11,102.041
t3_1dnwin7,1dnwin7,2024-06,Question to my Israeli bros. What percentage of Israelis support their government in its treatment of Palestinians?,/r/ForbiddenBromance/comments/1dnwin7/question_to_my_israeli_bros_what_percentage_of/,ImAnArab,Unflaired/Unknown,108,49,80,0.741,2.204,1,13,10,42,14,101.723
t3_i0pmty,i0pmty,2020-07,"Video: ""The SLA and Gibran Tueni.""",/r/ForbiddenBromance/comments/i0pmty/video_the_sla_and_gibran_tueni/,[deleted],Unflaired/Unknown,71,16,64,0.901,4.438,0,11,10,2,12,100.903
t3_i498tt,i498tt,2020-08,Tel Aviv lights up city hall with colors of Lebanese flag,/r/ForbiddenBromance/comments/i498tt/tel_aviv_lights_up_city_hall_with_colors_of/,DaDerpyDude,Israeli,83,33,66,0.795,2.515,13,13,7,8,7,100.434
t3_1byaaqv,1byaaqv,2024-04,I'm so sick of hezbollah ,/r/ForbiddenBromance/comments/1byaaqv/im_so_sick_of_hezbollah/,Impressive_Winner_56,Unflaired/Unknown,134,34,110,0.821,3.941,0,16,4,12,14,100.3
t3_17wlp5g,17wlp5g,2023-11,This Subreddit is Disgusting and you Should all be Ashamed of Yourself.,/r/ForbiddenBromance/comments/17wlp5g/this_subreddit_is_disgusting_and_you_should_all/,Chadrab,Unflaired/Unknown,55,17,40,0.727,3.235,0,16,5,17,5,100.016
t3_15juokn,15juokn,2023-08,Palestinian refugees in Lebanon,/r/ForbiddenBromance/comments/15juokn/palestinian_refugees_in_lebanon/,Levnon,Lebanese,90,27,78,0.867,3.333,0,10,12,51,4,100.0
t3_1g7421u,1g7421u,2024-10,The thing that made me switch sides ,/r/ForbiddenBromance/comments/1g7421u/the_thing_that_made_me_switch_sides/,throwaway250805,Lebanese,90,44,66,0.733,2.045,3,13,9,14,27,99.258
t3_1delr2v,1delr2v,2024-06,I don't see lebanese people would want to have a bromance with..this,/r/ForbiddenBromance/comments/1delr2v/i_dont_see_lebanese_people_would_want_to_have_a/,Finaltryer,Unflaired/Unknown,115,27,101,0.878,4.259,0,9,12,39,20,98.084
t3_1fnl4bk,1fnl4bk,2024-09,It doesn’t have to be like this,/r/ForbiddenBromance/comments/1fnl4bk/it_doesnt_have_to_be_like_this/,randokomando,Unflaired/Unknown,103,54,70,0.68,1.907,0,14,8,8,7,97.407
t3_1fj8x0p,1fj8x0p,2024-09,Thoughts on the strategic Cyberattack on Hezbollah? Brilliant attack or Brazen disregard?,/r/ForbiddenBromance/comments/1fj8x0p/thoughts_on_the_strategic_cyberattack_on/,salviva,Non-Canaanite,108,43,86,0.796,2.512,0,9,13,6,33,95.949
t3_1kvf12c,1kvf12c,2025-05,To israelis From a lebanese trying to understand both sides,/r/ForbiddenBromance/comments/1kvf12c/to_israelis_from_a_lebanese_trying_to_understand/,Fly-almighty945,Unflaired/Unknown,47,34,20,0.426,1.382,3,11,13,21,18,95.775
t3_1fqigje,1fqigje,2024-09,Message to all Lebanese visiting this sub from an Israeli,/r/ForbiddenBromance/comments/1fqigje/message_to_all_lebanese_visiting_this_sub_from_an/,simpleman9006,Unflaired/Unknown,103,41,84,0.816,2.512,1,10,11,8,15,94.835
t3_1p62qu4,1p62qu4,2025-11,Why is Egypt not taking Palestinians?,/r/ForbiddenBromance/comments/1p62qu4/why_is_egypt_not_taking_palestinians/,pornchavo,Unflaired/Unknown,64,28,48,0.75,2.286,0,9,13,30,16,94.571
t3_kn7jdf,kn7jdf,2020-12,If you Israelies really want peace how come you have been voting for the Likud the most right wing party since 2009?,/r/ForbiddenBromance/comments/kn7jdf/if_you_israelies_really_want_peace_how_come_you/,IRHABI313,Unflaired/Unknown,52,14,46,0.885,3.714,0,12,7,13,17,94.121
t3_1hrqek7,1hrqek7,2025-01,What do Israelis want to do with the Palestinians in Judea and Samaria? ,/r/ForbiddenBromance/comments/1hrqek7/what_do_israelis_want_to_do_with_the_palestinians/,PhoenixTheRadical,Diaspora Lebanese,112,67,78,0.696,1.672,1,10,12,49,17,93.772
t3_1ax2bco,1ax2bco,2024-02,Life of the banned,/r/ForbiddenBromance/comments/1ax2bco/life_of_the_banned/,bailing_in,Unflaired/Unknown,92,33,66,0.717,2.788,0,12,8,23,22,91.924
t3_1fmy4ik,1fmy4ik,2024-09,Would the Lebanese be less hostile to Israel if they understood Israel doesn't want to conquer any part of Lebanon?,/r/ForbiddenBromance/comments/1fmy4ik/would_the_lebanese_be_less_hostile_to_israel_if/,tFighterPilot,Israeli,114,43,94,0.825,2.651,0,10,10,23,28,91.794
t3_1aox0na,1aox0na,2024-02,Please Speak Up Against the Rafah Assault,/r/ForbiddenBromance/comments/1aox0na/please_speak_up_against_the_rafah_assault/,sacablush,Unflaired/Unknown,96,28,80,0.833,3.429,0,11,8,59,35,91.524
t3_1dmgyr4,1dmgyr4,2024-06,The Palestinians,/r/ForbiddenBromance/comments/1dmgyr4/the_palestinians/,Long-Round2151,Unflaired/Unknown,143,28,134,0.937,5.107,1,10,7,46,6,90.456
t3_1j5e1mx,1j5e1mx,2025-03,Can someone explain this to me? - Israel raids Palestinian bookstores. Arrests persons selling books.,/r/ForbiddenBromance/comments/1j5e1mx/can_someone_explain_this_to_me_israel_raids/,CriticalJellyfish207,Unflaired/Unknown,77,18,68,0.883,4.278,2,12,5,24,16,90.218
t3_1f2p0zz,1f2p0zz,2024-08,Can we agree on that?,/r/ForbiddenBromance/comments/1f2p0zz/can_we_agree_on_that/,Flashy_Produce_3733,Unflaired/Unknown,97,45,72,0.742,2.156,0,8,13,8,9,90.156
t3_17ebxoc,17ebxoc,2023-10,"For Lebanese members here, what are your current views on Israel as the war progresses?",/r/ForbiddenBromance/comments/17ebxoc/for_lebanese_members_here_what_are_your_current/,emaxwell13131313,Unflaired/Unknown,39,8,32,0.821,4.875,0,8,10,25,19,88.16
t3_1b17dfc,1b17dfc,2024-02,Jon Stewart's METO soln,/r/ForbiddenBromance/comments/1b17dfc/jon_stewarts_meto_soln/,levnon14,Diaspora Lebanese,63,15,55,0.873,4.2,0,10,7,42,15,86.86
t3_1edk5n7,1edk5n7,2024-07,Multiple casualties reported after rocket impact in Golan’s Majdal Shams,/r/ForbiddenBromance/comments/1edk5n7/multiple_casualties_reported_after_rocket_impact/,Tagglit2022,Israeli,171,48,149,0.871,3.562,14,10,5,3,29,86.552
t3_i8a6v8,i8a6v8,2020-08,This video is for the idiotic account on /r/lebanon who said that Arabs in Israel don't have any right. What a pure lie.,/r/ForbiddenBromance/comments/i8a6v8/this_video_is_for_the_idiotic_account_on_rlebanon/,Aggravating-ADD,Non-Canaanite,102,22,97,0.951,4.636,0,7,10,20,8,86.292
t3_14ebwmv,14ebwmv,2023-06,How do you feel about the Israeli-Iranian tensions?,/r/ForbiddenBromance/comments/14ebwmv/how_do_you_feel_about_the_israeliiranian_tensions/,SoleySaul,Israeli,43,12,34,0.791,3.583,0,12,5,11,7,85.981
t3_1j6hl8f,1j6hl8f,2025-03,This needs to stop,/r/ForbiddenBromance/comments/1j6hl8f/this_needs_to_stop/,LebnaniandProud,Unflaired/Unknown,89,18,79,0.888,4.944,0,7,10,5,24,85.642
t3_1fswkc2,1fswkc2,2024-09,Lebanese here... What should we make of this? Is this the plan of your government? Is this the actual goal?,/r/ForbiddenBromance/comments/1fswkc2/lebanese_here_what_should_we_make_of_this_is_this/,123R1111,Unflaired/Unknown,124,71,68,0.548,1.746,4,9,11,9,15,85.461
t3_174om0w,174om0w,2023-10,Babies beheaded by Hamas,/r/ForbiddenBromance/comments/174om0w/babies_beheaded_by_hamas/,walid_Bek,Unflaired/Unknown,131,67,95,0.725,1.955,0,13,5,41,22,85.414
t3_12s894p,12s894p,2023-04,"Lebanese people, What is your opinion about the Israeli Judicial Reform?",/r/ForbiddenBromance/comments/12s894p/lebanese_people_what_is_your_opinion_about_the/,oshaboy,Unflaired/Unknown,86,40,70,0.814,2.15,3,12,5,10,9,85.079
t3_1aymxjb,1aymxjb,2024-02,“Forbidden Bromance”,/r/ForbiddenBromance/comments/1aymxjb/forbidden_bromance/,High_Order47,Unflaired/Unknown,66,13,59,0.894,5.077,0,9,7,28,4,85.033
t3_1leudqv,1leudqv,2025-06,Help me get over some prejudice,/r/ForbiddenBromance/comments/1leudqv/help_me_get_over_some_prejudice/,Patient-Street-4681,Syrian,73,47,38,0.521,1.553,0,8,13,31,21,84.517
t3_1ftzq3e,1ftzq3e,2024-10,We need peace more than ever :( ,/r/ForbiddenBromance/comments/1ftzq3e/we_need_peace_more_than_ever/,Current-Meal9360,Unflaired/Unknown,51,15,40,0.784,3.4,0,8,10,9,12,84.486
t3_uhe8w6,uhe8w6,2022-05,"Notorious racist, anti-Zionist and misogynist men Amir Hetsroni gets hit with a chair on Israeli television",/r/ForbiddenBromance/comments/uhe8w6/notorious_racist_antizionist_and_misogynist_men/,verynicesnail,Israeli,46,25,38,0.826,1.84,5,10,7,6,2,83.702
t3_1g14oo6,1g14oo6,2024-10,Assassinations,/r/ForbiddenBromance/comments/1g14oo6/assassinations/,Previous-Border3774,Unflaired/Unknown,107,40,86,0.804,2.675,0,2,18,10,42,83.425
t3_escenm,escenm,2020-01,How popular is annexation of land among the Israeli population ?,/r/ForbiddenBromance/comments/escenm/how_popular_is_annexation_of_land_among_the/,cedaroot,Lebanese,82,20,72,0.878,4.1,0,9,7,27,16,82.761
t3_1by1c1p,1by1c1p,2024-04,Was this really Tel Aviv yesterday? What’s going on?,/r/ForbiddenBromance/comments/1by1c1p/was_this_really_tel_aviv_yesterday_whats_going_on/,Apprehensive_Ant8034,Lebanese,121,47,101,0.835,2.574,1,15,0,21,9,82.343
t3_1do06mu,1do06mu,2024-06,"From Beirut to Haifa, Let's End This Strife-a!",/r/ForbiddenBromance/comments/1do06mu/from_beirut_to_haifa_lets_end_this_strifea/,seek-song,Unflaired/Unknown,61,13,56,0.918,4.692,0,12,2,18,11,81.745
t3_naebdt,naebdt,2021-05,"Step 1. Throw rocks on Jews right below. Step 2. Throw rocks from the doors of one of the holiest site of Islam. Step 3. Get inside, gather rocks, and cameras. Step 4. Cops gets in. Step 5. Shout loudly ""Jews attacking Al Aqsa during Layat Al Qadr"". Step 6 - Rockets, violence, civilians die",/r/ForbiddenBromance/comments/naebdt/step_1_throw_rocks_on_jews_right_below_step_2/,Beginning_Speech_,Unflaired/Unknown,63,28,48,0.762,2.25,2,13,3,23,14,81.738
t3_1guezta,1guezta,2024-11,Does she not know yet?,/r/ForbiddenBromance/comments/1guezta/does_she_not_know_yet/,Do1stHarmacist,Diaspora Jew,52,23,47,0.904,2.261,0,8,9,14,15,81.599
t3_n8x780,n8x780,2021-05,"What solution do forbidden-bromancers want for the Holy Land, ideally:",/r/ForbiddenBromance/comments/n8x780/what_solution_do_forbiddenbromancers_want_for_the/,rainbowcouscous,Unflaired/Unknown,64,23,48,0.75,2.783,0,7,11,24,8,81.565
t3_i76j3d,i76j3d,2020-08,"the israeli-lebanese war, how can we ever overcome the pain and blood caused?",/r/ForbiddenBromance/comments/i76j3d/the_israelilebanese_war_how_can_we_ever_overcome/,[deleted],Unflaired/Unknown,56,12,50,0.893,4.667,0,6,10,19,4,81.19
t3_1e0qrbj,1e0qrbj,2024-07,LGBTQ+ people supporting Hamas is like chickens supporting KFC,/r/ForbiddenBromance/comments/1e0qrbj/lgbtq_people_supporting_hamas_is_like_chickens/,Apprehensive_Ant8034,Lebanese,84,30,66,0.786,2.8,0,8,9,40,10,80.314
t3_1fzswhk,1fzswhk,2024-10,Peace follow up ,/r/ForbiddenBromance/comments/1fzswhk/peace_follow_up/,Anonymous-Balls,Palestinian,151,52,123,0.815,2.904,0,7,10,44,28,80.099
t3_1d1vvb0,1d1vvb0,2024-05,Why are so many people pro-war in this sub?,/r/ForbiddenBromance/comments/1d1vvb0/why_are_so_many_people_prowar_in_this_sub/,JellyfishHot1635,Unflaired/Unknown,91,28,75,0.824,3.25,0,12,3,40,17,79.984
t3_15prjss,15prjss,2023-08,"For those who don't think Fascism is on the rise in Israel, what do you think of this?",/r/ForbiddenBromance/comments/15prjss/for_those_who_dont_think_fascism_is_on_the_rise/,Phoenician_Emperor,Diaspora Lebanese,139,47,111,0.799,2.957,0,10,6,15,12,79.886
t3_1dhs2ug,1dhs2ug,2024-06,"Solomon's kingdom
this is the flag of israel
from river to the sea
what's written in psalm 72:8 is much more bigger than this -yet to be achieved",/r/ForbiddenBromance/comments/1dhs2ug/solomons_kingdom_this_is_the_flag_of_israel_from/,HerbNPaper,Unflaired/Unknown,118,28,103,0.873,4.214,0,9,6,19,3,79.886
t3_1fl0vm5,1fl0vm5,2024-09,This sub aware of Maronite’s spreading blood libel throughout the region ,/r/ForbiddenBromance/comments/1fl0vm5/this_sub_aware_of_maronites_spreading_blood_libel/,Exciting_Wrangler_31,Unflaired/Unknown,51,6,48,0.941,8.5,0,10,1,2,0,78.824
t3_1g4432s,1g4432s,2024-10,"Arabs who desire formal peace with Israel, did you know you're Zionists?",/r/ForbiddenBromance/comments/1g4432s/arabs_who_desire_formal_peace_with_israel_did_you/,GrazingGeese,Unflaired/Unknown,113,46,92,0.814,2.457,1,6,11,47,4,78.696
t3_1gb1mpl,1gb1mpl,2024-10,"Israelis, what's your opinion on the situation in Tyre? ",/r/ForbiddenBromance/comments/1gb1mpl/israelis_whats_your_opinion_on_the_situation_in/,JumpKick6419,Unflaired/Unknown,112,48,84,0.75,2.333,0,11,5,5,15,78.667
t3_1hdk16w,1hdk16w,2024-12,I am Syrian. AMA. Also sharing some thoughts.,/r/ForbiddenBromance/comments/1hdk16w/i_am_syrian_ama_also_sharing_some_thoughts/,OmarHamami,Unflaired/Unknown,203,61,156,0.768,3.328,3,7,9,19,25,78.525
t3_fcesti,fcesti,2020-03,Wasn’t that last person one of the most active members on this sub ? Sad to see that some are being fake and deceiving in their interactions.,/r/ForbiddenBromance/comments/fcesti/wasnt_that_last_person_one_of_the_most_active/,moumeet67,Unflaired/Unknown,47,13,42,0.894,3.615,4,9,5,7,2,78.103
t3_1f82mjg,1f82mjg,2024-09,They're on to us,/r/ForbiddenBromance/comments/1f82mjg/theyre_on_to_us/,Square-Sushi,Unflaired/Unknown,45,20,35,0.778,2.25,0,13,2,5,4,78.056
t3_1foohie,1foohie,2024-09,Why are there still Lebanese people in this sub?,/r/ForbiddenBromance/comments/1foohie/why_are_there_still_lebanese_people_in_this_sub/,Level-Interview-5512,Unflaired/Unknown,70,14,62,0.886,5.0,2,7,7,10,15,77.714
t3_1dmb0qn,1dmb0qn,2024-06,What will happen to Palestinian refugees in Lebanon in a Israel Lebanon Peace treaty?,/r/ForbiddenBromance/comments/1dmb0qn/what_will_happen_to_palestinian_refugees_in/,AssociationLive1827,Unflaired/Unknown,106,31,92,0.868,3.419,0,8,7,41,14,77.197
t3_1cjcoch,1cjcoch,2024-05,According to surveys Lebanon has one of the highest rates of Antisemitism in the world.Why antisemetism is so powerful in Lebanon's society?,/r/ForbiddenBromance/comments/1cjcoch/according_to_surveys_lebanon_has_one_of_the/,TepleniAl,Unflaired/Unknown,78,31,59,0.756,2.516,0,12,3,2,3,77.16
t3_1ruiv06,1ruiv06,2026-03,"Israeli elections are coming up and I am still undecided. So Israelis, who are you voting for and why?",/r/ForbiddenBromance/comments/1ruiv06/israeli_elections_are_coming_up_and_i_am_still/,oshaboy,Unflaired/Unknown,176,56,141,0.801,3.143,3,11,3,17,17,76.808
t3_13otimn,13otimn,2023-05,"If israel and lebanon where to make peace, will you support it?",/r/ForbiddenBromance/comments/13otimn/if_israel_and_lebanon_where_to_make_peace_will/,wizerdofmonky69,Unflaired/Unknown,108,65,64,0.593,1.662,1,10,7,11,7,76.675
t3_1do787q,1do787q,2024-06,Just to finish the conversation about the beirut airport,/r/ForbiddenBromance/comments/1do787q/just_to_finish_the_conversation_about_the_beirut/,allum1na4ed,Unflaired/Unknown,95,24,79,0.832,3.958,0,7,8,6,22,76.548
t3_1elk1xv,1elk1xv,2024-08,"sonic booms, another day in lebanon",/r/ForbiddenBromance/comments/1elk1xv/sonic_booms_another_day_in_lebanon/,Glad-Difference-3238,Lebanese,91,33,80,0.879,2.758,0,11,3,6,25,76.098
t3_1mcm2iu,1mcm2iu,2025-07,"Dear Israelis , plz control the traveling clatt",/r/ForbiddenBromance/comments/1mcm2iu/dear_israelis_plz_control_the_traveling_clatt/,Fast-Budget8977,Unflaired/Unknown,60,24,46,0.767,2.5,0,10,5,3,1,75.333
t3_12dx93o,12dx93o,2023-04,"If Israel retaliate against Lebanon because of some Palestinians, I will forever resent Palestine.",/r/ForbiddenBromance/comments/12dx93o/if_israel_retaliate_against_lebanon_because_of/,[deleted],Unflaired/Unknown,52,21,38,0.731,2.476,1,10,5,21,7,75.068
t3_hhstad,hhstad,2020-06,FUCK NOT HAVING PEACE WITH ISRAEL,/r/ForbiddenBromance/comments/hhstad/fuck_not_having_peace_with_israel/,ChartsDeGaulle,Lebanese,42,20,33,0.786,2.1,0,13,1,9,3,74.914
t3_1g1tvf8,1g1tvf8,2024-10,What does Israel want ? ,/r/ForbiddenBromance/comments/1g1tvf8/what_does_israel_want/,Enough_Youth_4564,Unflaired/Unknown,144,86,90,0.625,1.674,0,8,9,26,40,74.849
t3_1e3wlr9,1e3wlr9,2024-07,Israel-Palestine posts are off-topic,/r/ForbiddenBromance/comments/1e3wlr9/israelpalestine_posts_are_offtopic/,cha3bghachim,Lebanese,84,19,75,0.893,4.421,0,6,8,23,8,74.699
t3_18bunbn,18bunbn,2023-12,IDF issues rare apology after strike kills Lebanese soldier,/r/ForbiddenBromance/comments/18bunbn/idf_issues_rare_apology_after_strike_kills/,IbnEzra613,Diaspora Jew,51,19,46,0.902,2.684,0,9,5,10,11,74.408
t3_1d0hrhm,1d0hrhm,2024-05,I dont support Israels existence but…,/r/ForbiddenBromance/comments/1d0hrhm/i_dont_support_israels_existence_but/,allum1na4ed,Unflaired/Unknown,95,38,77,0.811,2.5,0,5,11,26,14,74.211
t3_1fo8662,1fo8662,2024-09,"It seems like most Lebanese who oppose Hezb only do so because Hezb can’t genocide the Israeli jews, aka reach their win condition ",/r/ForbiddenBromance/comments/1fo8662/it_seems_like_most_lebanese_who_oppose_hezb_only/,Ofekino12,Unflaired/Unknown,46,31,28,0.609,1.484,0,8,9,11,4,74.142
t3_1fmytmo,1fmytmo,2024-09,Naftali Bennet just said Hezbollah = Lebanon,/r/ForbiddenBromance/comments/1fmytmo/naftali_bennet_just_said_hezbollah_lebanon/,OliveWhisperer,Diaspora Lebanese,85,41,59,0.694,2.073,0,11,4,9,20,74.029
t3_1fw3dr8,1fw3dr8,2024-10,Where do you stand on targeting medics?,/r/ForbiddenBromance/comments/1fw3dr8/where_do_you_stand_on_targeting_medics/,Public_King7714,Unflaired/Unknown,122,27,105,0.861,4.519,0,11,1,25,38,73.25
t3_e6jd7v,e6jd7v,2019-12,What do you think are Lebanon and Israel's demands for reaching a non-belligerence pact between the countries?,/r/ForbiddenBromance/comments/e6jd7v/what_do_you_think_are_lebanon_and_israels_demands/,[deleted],Unflaired/Unknown,85,21,76,0.894,4.048,0,5,9,24,16,72.978
t3_17lne1k,17lne1k,2023-11,The Friday Speech by Nasrallah is Likely a Declaration of War,/r/ForbiddenBromance/comments/17lne1k/the_friday_speech_by_nasrallah_is_likely_a/,Confident-Mud-5218,Unflaired/Unknown,111,35,91,0.82,3.171,0,8,6,35,21,72.739
t3_1iqm2le,1iqm2le,2025-02,"Israeli Jews, if you happen to pass one of these streets while walking at night. Which one would you prefer?",/r/ForbiddenBromance/comments/1iqm2le/israeli_jews_if_you_happen_to_pass_one_of_these/,CranberryFlaky1464,Unflaired/Unknown,52,21,41,0.788,2.476,0,10,4,6,8,72.722
t3_1dt5y65,1dt5y65,2024-07,Never forget sabrina and shatila massacre,/r/ForbiddenBromance/comments/1dt5y65/never_forget_sabrina_and_shatila_massacre/,allum1na4ed,Unflaired/Unknown,46,12,39,0.848,3.833,0,3,12,14,9,72.623
t3_1fz5is5,1fz5is5,2024-10,Hezballah wants ceasefire without depending it on ceasefire with Gaza. Thoughts?,/r/ForbiddenBromance/comments/1fz5is5/hezballah_wants_ceasefire_without_depending_it_on/,Flashy_Produce_3733,Unflaired/Unknown,85,36,63,0.741,2.361,0,8,7,6,15,72.546
t3_1jjvzwf,1jjvzwf,2025-03,"Today, 26.03.1979, Egypt and Israel agreed on a peace treaty. Signed by Anwar Sadat, Menachem Begin, and witnessed by Jimmy Carter. Egypt became the first Arab state to recognize Israel. When will Israel and Lebanon have peace?",/r/ForbiddenBromance/comments/1jjvzwf/today_26031979_egypt_and_israel_agreed_on_a_peace/,NotSoSaneExile,Israeli,54,17,44,0.815,3.176,1,7,7,6,12,72.149
t3_1fqyrej,1fqyrej,2024-09,Lebanese people do you agree with this post? Are some in Lebanon celebrating the elimination of Hezbollah terrorists? ,/r/ForbiddenBromance/comments/1fqyrej/lebanese_people_do_you_agree_with_this_post_are/,OkBuyer1271,Unflaired/Unknown,123,43,106,0.862,2.86,0,7,7,21,25,71.957
t3_ffw49p,ffw49p,2020-03,Struggling with my opinion on Israel,/r/ForbiddenBromance/comments/ffw49p/struggling_with_my_opinion_on_israel/,KublaiKhan421,Lebanese,54,16,45,0.833,3.375,2,5,9,28,11,71.417
t3_12dmxej,12dmxej,2023-04,New Lebanese person here,/r/ForbiddenBromance/comments/12dmxej/new_lebanese_person_here/,Significant-Meat-799,Unflaired/Unknown,57,28,38,0.667,2.036,0,12,2,11,9,71.405
t3_1lo42z1,1lo42z1,2025-06,Question about the war,/r/ForbiddenBromance/comments/1lo42z1/question_about_the_war/,HonestSpursFan,Unflaired/Unknown,58,24,42,0.724,2.417,0,4,12,21,10,71.316
t3_1frkwku,1frkwku,2024-09,"This was removed on the main sub but I stand by what I said . You both behave the same in many aspects.  ""Israeli and Lebanese Jewish and Shia often don’t realize or admit how similar they really are""",/r/ForbiddenBromance/comments/1frkwku/this_was_removed_on_the_main_sub_but_i_stand_by/,EreshkigalKish2,Unflaired/Unknown,52,11,46,0.885,4.727,0,2,12,11,10,71.147
t3_1g4tkbi,1g4tkbi,2024-10,interview w Hezbollah captive- does this look fake to you?,/r/ForbiddenBromance/comments/1g4tkbi/interview_w_hezbollah_captive_does_this_look_fake/,1AceHeart,Unflaired/Unknown,62,32,50,0.806,1.938,0,9,5,6,15,71.004
t3_1fw2uea,1fw2uea,2024-10,Tried to write a post that said “Jewish American here to say I support Lebanese people” in r/Lebanon,/r/ForbiddenBromance/comments/1fw2uea/tried_to_write_a_post_that_said_jewish_american/,Worknonaffiliated,Unflaired/Unknown,65,30,44,0.677,2.167,0,11,3,8,2,70.872
t3_1f1dvf7,1f1dvf7,2024-08,🤔,/r/ForbiddenBromance/comments/1f1dvf7/_/,Flashy_Produce_3733,Unflaired/Unknown,40,15,31,0.775,2.667,0,5,10,19,11,70.833
t3_foeqek,foeqek,2020-03,To what degree does peace between Israel and Lebanon hinge on the Israel-Palestine conflict?,/r/ForbiddenBromance/comments/foeqek/to_what_degree_does_peace_between_israel_and/,Tako_402,Unflaired/Unknown,37,16,28,0.757,2.312,0,6,9,21,11,70.76
t3_1g3j50t,1g3j50t,2024-10,Today ,/r/ForbiddenBromance/comments/1g3j50t/today/,DifficultLadder7638,Unflaired/Unknown,106,19,98,0.925,5.579,0,2,11,16,16,70.648
t3_18zzzz4,18zzzz4,2024-01,What is the Lebanese perspective on Hezbollah?,/r/ForbiddenBromance/comments/18zzzz4/what_is_the_lebanese_perspective_on_hezbollah/,Epickid69meow,Unflaired/Unknown,85,39,73,0.859,2.179,0,7,7,20,21,70.535
t3_1dj27ch,1dj27ch,2024-06,"When are we going to kick out HerbnPaper out of this sub because he clearly wants to post Inflammatory posts, and tell us that our bromance is not real! Well Lebanese here and our bromance is real! Too sad that you cannot see that! ",/r/ForbiddenBromance/comments/1dj27ch/when_are_we_going_to_kick_out_herbnpaper_out_of/,Apprehensive_Ant8034,Lebanese,44,22,37,0.841,2.0,1,10,3,7,2,70.318
t3_eh3o63,eh3o63,2019-12,Lebanon 60 years ago,/r/ForbiddenBromance/comments/eh3o63/lebanon_60_years_ago/,[deleted],Unflaired/Unknown,40,2,38,0.95,20.0,0,2,1,1,0,70.0
t3_n9zc5u,n9zc5u,2021-05,"Andrew yang and the replies... it’s okay to discuss things, this in no way means that it’s a leftist or antisemitic post my dear brothers.",/r/ForbiddenBromance/comments/n9zc5u/andrew_yang_and_the_replies_its_okay_to_discuss/,camillebishop,Unflaired/Unknown,29,18,23,0.793,1.611,1,11,2,11,5,69.584
t3_1k0jy09,1k0jy09,2025-04,I feel like many Lebanese are trying so hard to hate on Israel just not to upset a certain demographic.,/r/ForbiddenBromance/comments/1k0jy09/i_feel_like_many_lebanese_are_trying_so_hard_to/,Sad-Exam-9942,Unflaired/Unknown,65,32,46,0.708,2.031,0,9,5,13,19,69.216
t3_1h9taqt,1h9taqt,2024-12,As an Arab in this Reddit group i feel we are overlooked and our voices unheard ,/r/ForbiddenBromance/comments/1h9taqt/as_an_arab_in_this_reddit_group_i_feel_we_are/,Able_Calligrapher958,Unflaired/Unknown,86,37,58,0.674,2.324,0,6,9,5,4,69.137
t3_1kof13h,1kof13h,2025-05,What is the lore behind this whole sub,/r/ForbiddenBromance/comments/1kof13h/what_is_the_lore_behind_this_whole_sub/,luvKFCluvMaccies,Unflaired/Unknown,68,27,53,0.779,2.519,1,6,8,3,3,69.125
t3_1bfvz3m,1bfvz3m,2024-03,So I was banned from r/Israel for an innocuous post questioning the IDF’s narrative about a recent incident in Gaza,/r/ForbiddenBromance/comments/1bfvz3m/so_i_was_banned_from_risrael_for_an_innocuous/,OkMud7664,Diaspora Lebanese,72,42,45,0.625,1.714,0,2,15,16,12,68.929
t3_i545ay,i545ay,2020-08,Common barriers to discussion I notice from the Israeli side. Please list those you notice from Lebanon,/r/ForbiddenBromance/comments/i545ay/common_barriers_to_discussion_i_notice_from_the/,[deleted],Unflaired/Unknown,53,24,41,0.774,2.208,0,6,8,6,8,67.888
t3_1e6ptjt,1e6ptjt,2024-07,Do you think Israel will be any kinder to Lebanon?,/r/ForbiddenBromance/comments/1e6ptjt/do_you_think_israel_will_be_any_kinder_to_lebanon/,Narrow_Pumpkin5948,Unflaired/Unknown,52,8,49,0.942,6.5,0,6,4,5,8,67.846
t3_1g23ll0,1g23ll0,2024-10,This war is terrifying,/r/ForbiddenBromance/comments/1g23ll0/this_war_is_terrifying/,Current-Meal9360,Lebanese,112,32,94,0.839,3.5,0,8,4,16,17,67.786
t3_1e2g27e,1e2g27e,2024-07,What's going on here anymore...,/r/ForbiddenBromance/comments/1e2g27e/whats_going_on_here_anymore/,Prince_Kebaboni,Israeli,29,14,24,0.828,2.071,0,5,9,3,1,67.695
t3_n9p3oo,n9p3oo,2021-05,Why do you think Palestinians want to escalade the situation? Do you see a war ?,/r/ForbiddenBromance/comments/n9p3oo/why_do_you_think_palestinians_want_to_escalade/,Apprehensive_Angle91,Unflaired/Unknown,28,14,19,0.679,2.0,0,8,6,10,5,67.571
t3_1i8rday,1i8rday,2025-01,It Is Time for Israeli-Lebanese Peace,/r/ForbiddenBromance/comments/1i8rday/it_is_time_for_israelilebanese_peace/,OkWhole8544,Unflaired/Unknown,62,16,58,0.935,3.875,0,5,7,7,33,67.46
t3_s1jt9g,s1jt9g,2022-01,We have no problems with our jew brothers.,/r/ForbiddenBromance/comments/s1jt9g/we_have_no_problems_with_our_jew_brothers/,Offica_Makenzi,Unflaired/Unknown,74,15,65,0.878,4.933,0,7,4,20,1,67.434
t3_1az1xx2,1az1xx2,2024-02,How does it feel to be the most hated country in the world?,/r/ForbiddenBromance/comments/1az1xx2/how_does_it_feel_to_be_the_most_hated_country_in/,Substantial-Pen-6984,Unflaired/Unknown,45,19,35,0.778,2.368,2,10,2,11,1,67.292
t3_1eedoh3,1eedoh3,2024-07,"It looks like this is it guys, we are going for a total war ",/r/ForbiddenBromance/comments/1eedoh3/it_looks_like_this_is_it_guys_we_are_going_for_a/,simpleman9006,Unflaired/Unknown,94,55,65,0.691,1.709,0,8,6,15,14,67.248
t3_1djj49z,1djj49z,2024-06,What’s the Wildest Claim You’ve Heard About “The Other Side”?,/r/ForbiddenBromance/comments/1djj49z/whats_the_wildest_claim_youve_heard_about_the/,mr2600,Unflaired/Unknown,101,30,82,0.812,3.367,0,8,4,7,12,66.971
t3_15l3ni9,15l3ni9,2023-08,What do you think is the ideal solution to the Palestinian refugee problem in Lebanon (POLL)?,/r/ForbiddenBromance/comments/15l3ni9/what_do_you_think_is_the_ideal_solution_to_the/,TepleniAl,Unflaired/Unknown,83,30,66,0.795,2.767,1,6,7,27,5,66.937
t3_sxs03m,sxs03m,2022-02,Lebanese soldiers quit as economy worsens (3min video report),/r/ForbiddenBromance/comments/sxs03m/lebanese_soldiers_quit_as_economy_worsens_3min/,Shachar2like,Unflaired/Unknown,36,9,32,0.889,4.0,0,8,3,3,8,66.778
t3_12dl1h4,12dl1h4,2023-04,How is the situation on your side of the mountain?,/r/ForbiddenBromance/comments/12dl1h4/how_is_the_situation_on_your_side_of_the_mountain/,lFeatherl,Unflaired/Unknown,46,18,36,0.783,2.556,0,10,2,12,21,66.763
t3_12gmcyv,12gmcyv,2023-04,"Hi, new here, Jewish, from America. This is a really interesting sub! Question: What is the prevailing attitude between Lebanese and Israelis in general? From over here the assumption is everyone dislikes each other.",/r/ForbiddenBromance/comments/12gmcyv/hi_new_here_jewish_from_america_this_is_a_really/,[deleted],Unflaired/Unknown,50,27,30,0.6,1.852,0,6,9,5,8,66.704
t3_1gglcaw,1gglcaw,2024-10,Anyone know the validity of this??,/r/ForbiddenBromance/comments/1gglcaw/anyone_know_the_validity_of_this/,DrVeigonX,Israeli,55,10,51,0.927,5.5,0,4,7,4,20,66.545
t3_1o5hyvz,1o5hyvz,2025-10,"They're home, trump's pardon",/r/ForbiddenBromance/comments/1o5hyvz/theyre_home_trumps_pardon/,ConnorStreetmann,Unflaired/Unknown,57,18,51,0.895,3.167,0,9,2,8,0,66.228
t3_19c4t7o,19c4t7o,2024-01,Why are we ridiculed for having a lot of Israelies here?,/r/ForbiddenBromance/comments/19c4t7o/why_are_we_ridiculed_for_having_a_lot_of/,Scienceisfun321,Israeli,34,19,24,0.706,1.789,1,9,4,11,2,66.197
t3_oo6kcs,oo6kcs,2021-07,How do you guys feel about this? To me it's just ice cream and a better reaction could have been achieved instead of an aggressive one.,/r/ForbiddenBromance/comments/oo6kcs/how_do_you_guys_feel_about_this_to_me_its_just/,ur-avrge-citizen,Unflaired/Unknown,36,22,19,0.528,1.636,0,10,4,2,1,65.828
t3_1gck0vl,1gck0vl,2024-10,A question for the Lebanese on this sub,/r/ForbiddenBromance/comments/1gck0vl/a_question_for_the_lebanese_on_this_sub/,L_L1,Unflaired/Unknown,54,13,50,0.926,4.154,0,6,5,5,15,65.826
t3_1brd7te,1brd7te,2024-03,"Lebanese people, what do you feel about hezbollah?",/r/ForbiddenBromance/comments/1brd7te/lebanese_people_what_do_you_feel_about_hezbollah/,Rounotsh,Israeli,54,25,44,0.815,2.16,2,8,4,4,10,65.616
t3_1ekrwxz,1ekrwxz,2024-08,Do u guys know any subs for Palestinians (+ diaspora) who want peace?,/r/ForbiddenBromance/comments/1ekrwxz/do_u_guys_know_any_subs_for_palestinians_diaspora/,2plus2fish,Unflaired/Unknown,81,38,52,0.642,2.132,1,9,4,31,2,65.603
t3_15nq2p8,15nq2p8,2023-08,How tf did Lebanon go from 70% Christian in the 1940’s to only 15% now? 💀,/r/ForbiddenBromance/comments/15nq2p8/how_tf_did_lebanon_go_from_70_christian_in_the/,noah121654,Unflaired/Unknown,155,94,118,0.761,1.649,0,8,5,15,13,65.524
t3_i1cbqr,i1cbqr,2020-07,Visibility of Israel’s Borders from Space #4,/r/ForbiddenBromance/comments/i1cbqr/visibility_of_israels_borders_from_space_4/,IbnEzra613,Diaspora Jew,31,5,28,0.903,6.2,0,5,5,6,9,65.465
t3_1i4c7xw,1i4c7xw,2025-01,this sub is just a bunch of israelis talking to each other,/r/ForbiddenBromance/comments/1i4c7xw/this_sub_is_just_a_bunch_of_israelis_talking_to/,C4621sBuddy,Unflaired/Unknown,66,30,53,0.803,2.2,0,6,7,3,2,65.461
t3_18cricg,18cricg,2023-12,The obstacle to peace,/r/ForbiddenBromance/comments/18cricg/the_obstacle_to_peace/,Deep-Succotash-2194,Unflaired/Unknown,92,22,83,0.902,4.182,0,6,5,52,9,65.407
t3_1exnuyu,1exnuyu,2024-08,What do you think about this narrative about the history of Christian Lebanon?,/r/ForbiddenBromance/comments/1exnuyu/what_do_you_think_about_this_narrative_about_the/,Infinite_Lettuce_105,Israeli,67,14,62,0.925,4.786,0,4,7,10,0,65.079
t3_e9ts99,e9ts99,2019-12,Do all Israeli Jews have the same traditions/culture/political alignment ?,/r/ForbiddenBromance/comments/e9ts99/do_all_israeli_jews_have_the_same/,[deleted],Unflaired/Unknown,36,7,32,0.889,5.143,0,1,11,9,1,65.063
t3_1ftg3re,1ftg3re,2024-10,Found this on 4chan. an Israeli user discusses blending in at r/lebanon 💀,/r/ForbiddenBromance/comments/1ftg3re/found_this_on_4chan_an_israeli_user_discusses/,MangoOfYouth,Unflaired/Unknown,54,22,38,0.704,2.455,0,7,6,2,7,64.983
t3_1fsxv5k,1fsxv5k,2024-09,Frustrated,/r/ForbiddenBromance/comments/1fsxv5k/frustrated/,Putrid-Distance-1475,Unflaired/Unknown,59,25,42,0.712,2.36,0,7,6,7,19,64.957
t3_pc4i5f,pc4i5f,2021-08,"Just found out about this sub, just wondering where y'all are from",/r/ForbiddenBromance/comments/pc4i5f/just_found_out_about_this_sub_just_wondering/,GreyDemon606,Unflaired/Unknown,55,18,49,0.891,3.056,0,8,3,7,5,64.929
t3_1g1ydoe,1g1ydoe,2024-10,Is there a big difference between the different jewish ethnicities in israel?,/r/ForbiddenBromance/comments/1g1ydoe/is_there_a_big_difference_between_the_different/,MassiveConstant599,Unflaired/Unknown,63,33,49,0.778,1.909,1,6,7,2,0,64.874
t3_193qavh,193qavh,2024-01,Why are so many Lebanese brainwashed?,/r/ForbiddenBromance/comments/193qavh/why_are_so_many_lebanese_brainwashed/,DissociatedScholar,Unflaired/Unknown,62,27,47,0.758,2.296,0,9,3,3,5,64.754
t3_1iy6tvn,1iy6tvn,2025-02,"Israel, along with the US, voted against the UN resolution to condemn the Russian invasion of Ukraine. Israelis, do you stand by this decision?",/r/ForbiddenBromance/comments/1iy6tvn/israel_along_with_the_us_voted_against_the_un/,cha3bghachim,Lebanese,70,36,45,0.643,1.944,2,8,5,9,10,64.746
t3_1foidvb,1foidvb,2024-09,A Lebanese Christian I used to be friends with (lost touch this past year) posted these on her story. I haven’t seen any other Lebanese I know post anything like the 2nd photo but I’m curious if you think these feelings developed in the US or when she lived in Lebanon and how common it is. ,/r/ForbiddenBromance/comments/1foidvb/a_lebanese_christian_i_used_to_be_friends_with/,wegochai,Diaspora Israeli,83,43,57,0.687,1.93,0,11,1,10,5,64.595
t3_188bwfy,188bwfy,2023-12,Will we ever get peace?,/r/ForbiddenBromance/comments/188bwfy/will_we_ever_get_peace/,AdeptGarden9057,Israeli,53,16,42,0.792,3.312,0,3,10,35,10,64.474
t3_1gzchlw,1gzchlw,2024-11,To Lebanese near the Israeli targets. ,/r/ForbiddenBromance/comments/1gzchlw/to_lebanese_near_the_israeli_targets/,CyPhyer,Unflaired/Unknown,34,17,28,0.824,2.0,0,5,8,3,14,64.471
t3_1fnupme,1fnupme,2024-09,For the stupid Lebanese that participate in this sub. Please wake up (this is just one slide of many similar comments),/r/ForbiddenBromance/comments/1fnupme/for_the_stupid_lebanese_that_participate_in_this/,Worldly-Willow3116,Unflaired/Unknown,20,12,10,0.5,1.667,0,9,5,1,1,64.333
t3_1fohu7b,1fohu7b,2024-09,Is Islam incompatible with peace with Israel? ,/r/ForbiddenBromance/comments/1fohu7b/is_islam_incompatible_with_peace_with_israel/,IcyQuip,Unflaired/Unknown,82,38,53,0.646,2.158,0,5,9,20,6,64.243
t3_1eebg9v,1eebg9v,2024-07,Hezballah too cowardly to admit their mistake,/r/ForbiddenBromance/comments/1eebg9v/hezballah_too_cowardly_to_admit_their_mistake/,levnon14,Diaspora Lebanese,64,19,59,0.922,3.368,0,9,1,4,13,64.174
t3_hgvrbl,hgvrbl,2020-06,What can Israel do to assure Lebanon that Hezbollah is not needed?,/r/ForbiddenBromance/comments/hgvrbl/what_can_israel_do_to_assure_lebanon_that/,Olivedoggy,Israeli,36,14,27,0.75,2.571,0,5,8,11,11,64.143
t3_p1pf2g,p1pf2g,2021-08,A bit to aggresive but true,/r/ForbiddenBromance/comments/p1pf2g/a_bit_to_aggresive_but_true/,verynicesnail,Israeli,41,11,36,0.878,3.727,0,9,1,6,7,64.016
t3_n881xe,n881xe,2021-05,Moderate Israelis. What is your take on what is happening in Sheikh Jarrah?,/r/ForbiddenBromance/comments/n881xe/moderate_israelis_what_is_your_take_on_what_is/,Tpallidum69,Unflaired/Unknown,33,17,28,0.848,1.941,0,7,5,13,4,63.852
t3_13vwvhk,13vwvhk,2023-05,What you think is the current biggest obstacle for peace between Israel and Lebanon (excluding Hezbollah),/r/ForbiddenBromance/comments/13vwvhk/what_you_think_is_the_current_biggest_obstacle/,InternationalBad3373,Israeli,101,44,75,0.743,2.295,0,5,8,22,24,63.442
t3_n99uuw,n99uuw,2021-05,I really am wondering what does the jews got to say about what is going on and happened in palastine.,/r/ForbiddenBromance/comments/n99uuw/i_really_am_wondering_what_does_the_jews_got_to/,Omar-R3D,Unflaired/Unknown,60,21,50,0.833,2.857,0,5,7,16,8,63.381
t3_1hagn59,1hagn59,2024-12,Congratulations to my Israeli neighbors ,/r/ForbiddenBromance/comments/1hagn59/congratulations_to_my_israeli_neighbors/,price_of_sleep,Unflaired/Unknown,71,11,62,0.873,6.455,0,6,3,5,19,63.374
t3_odtojd,odtojd,2021-07,"Are you guys aware that your government pays students to white wash it’s image online? I hope my post doesn’t get downvoted to oblivion or even worse, removed.",/r/ForbiddenBromance/comments/odtojd/are_you_guys_aware_that_your_government_pays/,khalkhall,Diaspora Lebanese,27,9,23,0.852,3.0,0,4,8,8,3,63.037
t3_1rml0be,1rml0be,2026-03,I dont get online lebanese,/r/ForbiddenBromance/comments/1rml0be/i_dont_get_online_lebanese/,GoldenStarFish4U,Unflaired/Unknown,53,18,44,0.83,2.944,1,7,4,7,11,62.993
t3_1fmdvri,1fmdvri,2024-09,"""There is no difference between Hezbollah and Lebanon. Lebanon will be annihilated. It will cease to exist."" — Israel's Minister of Education",/r/ForbiddenBromance/comments/1fmdvri/there_is_no_difference_between_hezbollah_and/,SargeGoodman,Unflaired/Unknown,55,32,34,0.618,1.719,0,11,1,4,7,62.801
t3_ufx4iw,ufx4iw,2022-05,The state of the Lebanon subreddit:,/r/ForbiddenBromance/comments/ufx4iw/the_state_of_the_lebanon_subreddit/,AetheralAscalon-Ar,Diaspora Lebanese,73,21,65,0.89,3.476,0,5,6,29,1,62.761
t3_1hvvzb5,1hvvzb5,2025-01,Presidency question,/r/ForbiddenBromance/comments/1hvvzb5/presidency_question/,Impressive-Rub529,Israeli,39,10,35,0.897,3.9,0,1,11,3,8,62.749
