author,fb_top_flair,fb_total,manual_review_score,outside_israel_related_comments,outside_lebanon_related_comments,outside_hebrew_items,fb_hebrew_items,fb_context_total,israel_context_total,lebanon_context_total,other_context_total,fb_vs_israel_distance,fb_vs_lebanon_distance,strongest_shift_context,context_shift_score,strongest_shift_note,fb_peace_rate,fb_security_rate,fb_hostility_rate,israel_peace_rate,israel_security_rate,israel_hostility_rate,lebanon_peace_rate,lebanon_security_rate,lebanon_hostility_rate,fb_hebrew_rate,israel_hebrew_rate,lebanon_hebrew_rate,fb_top_subreddits,israel_top_subreddits,lebanon_top_subreddits
62TiredOfLiving,Unflaired/Unknown,293,20,10,2167,0,0,294,10,2239,772,0.0,0.1675,Lebanon-related,16.75,Palestine down 25.9pp; Anti-Hezbollah down 22.8pp; Security down 21.8pp,0.2313,0.4082,0.1224,0.2,0.3,0.1,0.1201,0.1898,0.1009,0.0,0.0,0.0,ForbiddenBromance:294,Israel:10,lebanon:2239
Current-Meal9360,Lebanese,413,25,1,59,1,0,413,0,51,22,0.0,0.1506,Lebanon-related,15.06,Peace down 20.8pp; Hostility down 17.9pp; Anti-Hezbollah down 16.2pp,0.2276,0.1283,0.1792,0.0,0.0,0.0,0.0196,0.0,0.0,0.0,0.0,0.0,ForbiddenBromance:413,,lebanon:51
tFighterPilot,Israeli,219,10,2522,148,94,2,219,100,147,5183,0.0563,0.1361,Lebanon-related,13.61,Palestine up 23.1pp; Security up 19.9pp; Anti-Hezbollah up 12.9pp,0.0731,0.0868,0.0091,0.03,0.01,0.03,0.1701,0.2857,0.034,0.0091,0.24,0.0,ForbiddenBromance:219,Israel:100,lebanon:147
No-Mathematician5020,Diaspora Israeli,112,10,120,39,6,3,112,30,26,1474,0.0468,0.1213,Lebanon-related,9.78,Security up 23.3pp; Anti-Hezbollah up 21.5pp; Palestine up 7.6pp,0.1696,0.1518,0.0982,0.2333,0.1333,0.0333,0.2308,0.3846,0.0769,0.0268,0.0,0.0,ForbiddenBromance:112,Israel:30,lebanon:26
Israelidru,Israeli,127,0,17,35,4,2,127,13,25,768,0.0,0.1089,Lebanon-related,8.61,Security up 18.6pp; Anti-Hezbollah up 17.8pp; Peace down 11.7pp,0.1969,0.0945,0.0787,0.0769,0.1538,0.1538,0.08,0.28,0.12,0.0157,0.0,0.0,ForbiddenBromance:127,Israel:13,lebanon:25
cha3bghachim,Lebanese,1124,35,26,2661,0,0,1124,25,2011,777,0.0794,0.0558,Israel-related,6.28,Anti-Hezbollah up 15.1pp; Peace up 9.5pp; Palestine down 7.2pp,0.145,0.1246,0.0454,0.24,0.08,0.08,0.0651,0.0776,0.0477,0.0,0.0,0.0,ForbiddenBromance:1124,Israel:25,lebanon:2011
Glad-Difference-3238,Lebanese,474,25,1,470,1,0,474,0,437,153,0.0,0.0616,Lebanon-related,6.16,Anti-Hezbollah down 14.0pp; Security down 8.7pp; Peace down 4.4pp,0.1287,0.1097,0.0738,0.0,0.0,0.0,0.0847,0.0229,0.0778,0.0,0.0,0.0,ForbiddenBromance:474,,lebanon:437
FriendlyJewThrowaway,Diaspora Jew,803,20,1519,674,0,0,804,27,675,4193,0.0726,0.0312,Israel-related,5.96,Anti-Hezbollah down 22.1pp; Security down 10.0pp,0.1032,0.1368,0.0323,0.1111,0.037,0.037,0.0933,0.1052,0.0459,0.0,0.0,0.0,ForbiddenBromance:804,Israel:27,lebanon:675
amazing9999,Hummus wars veteran,72,10,764,2,65,0,72,323,2,9300,0.0588,0.0,Israel-related,5.88,Palestine up 15.8pp; Security up 10.2pp,0.0556,0.0,0.0417,0.0526,0.1022,0.0372,0.0,0.0,0.0,0.0,0.0062,0.0,ForbiddenBromance:72,Israel:323,lebanon:2
levnon14,Diaspora Lebanese,982,25,37,141,0,0,982,39,79,134,0.0205,0.0586,Lebanon-related,5.86,Palestine up 16.3pp; Anti-Hezbollah up 9.7pp,0.109,0.1701,0.0407,0.0769,0.1282,0.0256,0.1139,0.1646,0.0633,0.0,0.0,0.0,ForbiddenBromance:982,Israel:39,lebanon:79
victoryismind,Lebanese,3137,35,45,3195,2,3,3145,36,3211,4109,0.0334,0.0498,Lebanon-related,4.98,Palestine down 7.2pp; Anti-Hezbollah down 7.0pp; Security down 6.1pp,0.0913,0.0843,0.0347,0.1389,0.0278,0.0,0.0461,0.0237,0.0333,0.001,0.0,0.0006,ForbiddenBromance:3145,Israel:36,lebanon:3211
LevantinePlantCult,Unflaired/Unknown,940,20,779,2,39,20,944,514,2,3987,0.0437,0.0,Israel-related,4.37,Palestine up 10.9pp; Anti-Hezbollah down 5.1pp; Hostility up 3.0pp,0.1377,0.1038,0.0805,0.1109,0.1051,0.1109,0.5,0.0,0.0,0.0212,0.0233,0.0,ForbiddenBromance:944,Israel:514,lebanon:2
EmperorChaos,Diaspora Lebanese,962,60,327,9884,2,0,962,327,9820,3063,0.026,0.0431,Lebanon-related,4.31,Palestine down 7.5pp; Security up 5.6pp; Anti-Hezbollah up 4.7pp,0.1486,0.1133,0.1611,0.1009,0.1131,0.1682,0.1137,0.1692,0.1634,0.0,0.0,0.0002,ForbiddenBromance:962,Israel:327,lebanon:9820
CruntyMcNugget,Israeli,275,10,117,0,71,7,275,31,0,431,0.0427,0.0,Israel-related,3.76,Hostility up 8.1pp; Security down 6.9pp; Peace down 4.8pp,0.1127,0.0691,0.08,0.0645,0.0,0.1613,0.0,0.0,0.0,0.0255,0.0645,0.0,ForbiddenBromance:275,Israel:31,
Basic_Suggestion3476,Israeli,363,20,3909,11,249,6,363,334,10,10206,0.035,0.0,Israel-related,3.5,Anti-Hezbollah down 8.9pp; Palestine down 3.2pp,0.0689,0.1212,0.0468,0.0419,0.1168,0.024,0.0,0.0,0.0,0.0165,0.0509,0.0,ForbiddenBromance:363,Israel:334,lebanon:10
OptimismNeeded,Israeli,456,20,4,114,5,7,456,0,109,14303,0.0,0.0312,Lebanon-related,3.12,Anti-Hezbollah up 7.2pp; Palestine up 4.3pp,0.1206,0.1272,0.0987,0.0,0.0,0.0,0.1284,0.1193,0.0734,0.0154,0.0,0.0,ForbiddenBromance:456,,lebanon:109
AdVivid8910,Unflaired/Unknown,116,10,930,28,1,0,116,1,28,19323,0.0,0.0372,Lebanon-related,3.11,Security up 6.7pp; Palestine up 4.8pp; Peace down 4.2pp,0.0776,0.1121,0.0431,0.0,0.0,0.0,0.0357,0.1786,0.0357,0.0,0.0,0.0,ForbiddenBromance:116,Israel:1,lebanon:28
Tamtumtam,Israeli,465,30,9105,16,6598,19,465,2436,14,28224,0.0298,0.0,Israel-related,2.98,Peace down 7.3pp; Hostility down 3.1pp,0.1097,0.0667,0.0774,0.0369,0.0369,0.0468,0.1429,0.2857,0.0714,0.0409,0.1494,0.0,ForbiddenBromance:465,Israel:2436,lebanon:14
IbnEzra613,Diaspora Jew,903,30,38766,6,2924,48,903,8339,0,38406,0.0255,0.0,Israel-related,2.55,Anti-Hezbollah down 5.3pp; Peace down 3.6pp,0.0587,0.0786,0.0177,0.0229,0.051,0.0186,0.0,0.0,0.0,0.0532,0.0255,0.0,ForbiddenBromance:903,Israel:8339,
TheGooblyGamer,Diaspora Jew,41,0,300,4,62,3,41,296,3,163,0.024,0.0,Israel-related,2.4,Palestine up 3.6pp; Hostility down 3.3pp,0.0976,0.0,0.0732,0.0811,0.0236,0.0405,0.6667,0.0,0.6667,0.0732,0.1824,0.0,ForbiddenBromance:41,Israel:296,lebanon:3
DaDerpyDude,Israeli,452,30,2233,99,647,21,452,1805,110,4460,0.0157,0.0193,Lebanon-related,1.93,Palestine up 3.4pp,0.0597,0.0642,0.0155,0.0294,0.0427,0.0194,0.0364,0.0909,0.0182,0.0465,0.097,0.0091,ForbiddenBromance:452,Israel:1805,lebanon:110
MajorTechnology8827,Israeli,551,20,434,8,446,11,551,18,7,6488,0.0,0.0,Israel-related,0.0,Security down 9.1pp; Peace up 6.3pp; Anti-Hezbollah up 4.0pp,0.1034,0.147,0.0218,0.1667,0.0556,0.0,0.1429,0.5714,0.0,0.02,0.0556,0.0,ForbiddenBromance:551,Israel:18,lebanon:7
MuskyScent972,Unflaired/Unknown,358,20,520,6,544,8,358,0,3,1409,0.0,0.0,Israel-related,0.0,Security down 29.3pp; Palestine down 19.8pp; Peace down 18.4pp,0.1844,0.2933,0.0587,0.0,0.0,0.0,0.0,0.0,0.3333,0.0223,0.0,0.0,ForbiddenBromance:358,,lebanon:3
ForbiddenBromance-ModTeam,Unflaired/Unknown,448,10,0,0,0,0,450,0,0,0,0.0,0.0,Israel-related,0.0,Hostility down 3.1pp,0.0,0.0,0.0311,0.0,0.0,0.0,0.0,0.0,0.0,0.0,0.0,0.0,ForbiddenBromance:450,,
Curious_Diver1005,Israeli,139,10,1005,0,1046,0,139,0,0,2236,0.0,0.0,Israel-related,0.0,Peace down 7.9pp; Security down 5.8pp; Hostility down 5.8pp,0.0791,0.0576,0.0576,0.0,0.0,0.0,0.0,0.0,0.0,0.0,0.0,0.0,ForbiddenBromance:139,,
Anonymous-Balls,Palestinian,123,0,0,0,0,0,123,0,0,61,0.0,0.0,Israel-related,0.0,Peace down 28.5pp; Palestine down 5.7pp; Hostility down 4.9pp,0.2846,0.0407,0.0488,0.0,0.0,0.0,0.0,0.0,0.0,0.0,0.0,0.0,ForbiddenBromance:123,,
ConnorStreetmann,Unflaired/Unknown,117,0,0,1,0,0,119,0,2,110,0.0,0.0,Israel-related,0.0,Security down 7.6pp; Peace down 7.6pp; Hostility down 3.4pp,0.0756,0.0756,0.0336,0.0,0.0,0.0,0.0,0.0,0.0,0.0,0.0,0.0,ForbiddenBromance:119,,lebanon:2
Worldineatydays,Unflaired/Unknown,2,0,4,0,0,0,2,0,0,58,0.0,0.0,Israel-related,0.0,No strong category shift,0.0,0.0,0.0,0.0,0.0,0.0,0.0,0.0,0.0,0.0,0.0,0.0,ForbiddenBromance:2,,
