kind,id,author,author_flair_text,month,score,pattern,title,excerpt
post,1rtqhrj,SoftNoXOXO,Diaspora Jew/Lebanese,2026-03,28,arabizi,"For the first time in years, peace seems so close !","For the first time in years, peace seems so close ! https://preview.redd.it/0xikl7lnw1pg1.png?width=1536&format=png&auto=webp&s=b8b42616a3cba66661a7b93a061841b23c9a9c33 As well ..."
comment,o8tod3f,Current-Meal9360,Lebanese,2026-03,2,arabizi,,Nshalla! Yel3an din hal harb
comment,o5hsx49,victoryismind,Lebanese,2026-02,1,arabizi,,"My dream is not to have Israel as ally, but as competitor (not enemy). Ya3ne that Lebanon would match it economically and militarily. My dream is that Lebanon actually starts to..."
comment,nskfv1y,SoftNoXOXO,Diaspora Jew/Lebanese,2025-12,10,arabizi,,"Hello, This answer is going to be very detailed, but I think it might bring more clarity on the subject for you. So for starters, Israel doesn't necessarily have a ban on Lebane..."
comment,nskfsw9,SoftNoXOXO,Diaspora Jew/Lebanese,2025-12,1,arabizi,,"Hello, Lebanese jew here, This answer is going to be very detailed, but I think it might bring more clarity on the subject for you. So for starters, Israel doesn't necessarily h..."
comment,nkk3sd0,Realistic_Half_6296,Lebanese,2025-10,8,arabizi,,Inshallah
comment,n9wxeuc,OliveWhisperer,Diaspora Lebanese,2025-08,2,lebanese_translit,,Shu sar tfeja2et?
comment,n9wz3g2,OliveWhisperer,Diaspora Lebanese,2025-08,2,lebanese_translit,,Azdak elel eli mesh ghanam? Do your own research shu badak fiye. Look up 1999 election and the primaries reasons he won
comment,n8o3j4f,Glad-Difference-3238,Lebanese,2025-08,1,arabizi,,Again with this perpetual victimhood. You people hate the state since day 1. You hate being equal under the law. Your problem is with the shia feudal lords who YOU elected yet h...
comment,n96159n,victoryismind,Lebanese,2025-08,0,arabizi,,"Nobody left and wilderness taking over. Maybe a few beduins living a harsh life. We're on the right path, Inshallah."
comment,myur8kj,cha3bghachim,Lebanese,2025-06,2,arabizi,,"Man life has been getting in the way big time! I feel bad for leaving for so long. Please forgive me! I created this sub in the early days of the October 2019 ""revolution"" which..."
comment,mhc0fb9,sdm41319,Lebanese,2025-03,7,arabizi,,Inshallah and b’ezrat Hashem. 💙🙏🏼
comment,mdc4fbr,OntheAbyss_,Lebanese,2025-02,8,arabizi,,"Fuck man , got me tearing up, all strength be with you inshalla"
comment,m67t7y0,Agreeable-Message-16,Lebanese,2025-01,6,lebanese_translit,,"yaane is an arabic word يعني which literally means ""meaning/which means"" i have noticed that it's also used in israeli slang, not surprising at all, considering the rich diversi..."
comment,m65g0yn,Agreeable-Message-16,Lebanese,2025-01,4,arabizi,,3am yetsalo as they were during the war
comment,m8ihlym,Agreeable-Message-16,Lebanese,2025-01,3,arabizi,,"last i was in lebanon was in october, i lived my entire life and the entire war in the South. the audacity of privileged christians questioning me and my stance. badak nomret ej..."
comment,m4urapt,Agreeable-Message-16,Lebanese,2025-01,1,lebanese_translit,,>Again with the hezbo/israeli talk then what do you care about? shu l bera2yak will change the status quo between us? if it's not hezb then what? shu or who l bera2yak is hinder...
comment,m99lly4,Agreeable-Message-16,Lebanese,2025-01,1,arabizi,,>since the people of the south are finally going back to their homeland gotta add that there's nothing left for them to go back to. where are they going to stay during the winte...
comment,m1lrmmd,Glad-Difference-3238,Lebanese,2024-12,6,arabizi,,It started as “kellon ya3ne kellon” (all means all; against all politicians) But hezbollah and amal thugs (who were also protesting! Against corruption! lol) did not like that a...
comment,m1q1lsj,cha3bghachim,Lebanese,2024-12,2,lebanese_translit,,"I can think of many possible reasons, but I can be wrong: 1. Lack of conviction: the people were chanting slogans they did not really believe, namely ""kellon yaane kellon!"" mean..."
comment,m2zjtup,Agreeable-Message-16,Lebanese,2024-12,2,arabizi,,law fe a true beb sama ma kena 3am ndabe7 ba3d🥲
comment,m01qdyt,Agreeable-Message-16,Lebanese,2024-12,1,arabizi,,[3am be7ke men teze eh ya akho ayre](https://www.reddit.com/r/ForbiddenBromance/s/RvZTBVSaVf)
comment,lzjaxzw,Current-Meal9360,Lebanese,2024-11,1,arabizi,,Nshalla ymout ariban
comment,lqrodyv,cha3bghachim,Lebanese,2024-10,19,lebanese_translit,,It is interesting to see how entirely different reactions were [when the footage was shared on r/lebanon](https://www.reddit.com/r/lebanon/comments/1fxrr3m/wtf_shu_haaaa/) vs. [...
comment,lrgitar,Current-Meal9360,Lebanese,2024-10,2,arabizi,,Man kleb w 3am bi 3awo. Mafi IQ. Mafi EQ. Bi aya youtube video bi 3almouk to go poke a bear? La2 bass ne7na 3ezze w karame w sharaf w shahade w akhle2 w 3effe w 3onfowen w naser!
comment,lsqqvdd,Current-Meal9360,Lebanese,2024-10,1,arabizi+translit,,"U know what, tizon, mesh kess emon, tizon, nshalla tenfata7, tizon la hol yali 7ato hal flag. It’s like someone writing their name on ur car with their car keys, yeah its fuckin..."
comment,lp2gjof,Glad-Difference-3238,Lebanese,2024-09,11,arabizi,,Currently marinating chicken for some coq au vin tomorrow inshallah🍷🐓
comment,lpe2woc,GuavaFuture,Lebanese,2024-09,9,arabizi,,Thank you and inshalla
comment,lpg86ql,GuavaFuture,Lebanese,2024-09,7,arabizi,,Inshalla brother
comment,lpq8fag,Glad-Difference-3238,Lebanese,2024-09,3,lebanese_translit,,No one wants them to die for Khamenai or suicidal missions.. bass mesh hayne..🙁
comment,lowckc4,levnon14,Diaspora Lebanese,2024-09,1,lebanese_translit,,kif t3allamet te7ke 3arabe?
comment,lj7lvrs,Glad-Difference-3238,Lebanese,2024-08,5,arabizi,,That is not true today. May be true in the 1950-1970. What division of power? Christians were marginalized from political life from Taef accord until 2005. If you are talking ab...
comment,lja21vw,Glad-Difference-3238,Lebanese,2024-08,1,arabizi,,"Of course my discourse is confessional, because our reality is so and your approach is not practical unless you have other intentions, which might be why you are triggered. And ..."
comment,ldnl5cq,victoryismind,Lebanese,2024-07,1,arabizi,,"Actually it has become commin in Israel to use ""ya3ne"" inside Hebrew sentences."
comment,l83ui6t,royaj77,Diaspora Lebanese,2024-06,5,lebanese_translit,,It's a casual greeting in Iraq. In Lebanon we say shu fee ma fee
comment,l4w1ple,GuavaFuture,Diaspora Lebanese,2024-05,15,arabizi,,Nshalla
comment,kymyq3m,temporary-owl19,Lebanese,2024-04,0,arabizi,,Inshallah you get skin cancer like those European Israeli 🙏🏻
comment,kgyeybo,Sr4f,Diaspora Lebanese,2024-01,2,arabizi,,"Thank you for reading it. It's a ramble. I don't know if Israel chilling for a bit would help on its own. The Hezbollah leadership is pretty powerful, and backed by Iran. It wou..."
comment,ibai8lk,khalkhall,Diaspora Lebanese,2022-06,11,lebanese_translit,,"That’s amazing khaye, thanks for sharing"
comment,h9i01kj,Jadofski,Lebanese,2021-08,1,lebanese_translit,,Lek shu manyak.
comment,h8sadgf,Jadofski,Lebanese,2021-08,0,lebanese_translit,,"Shu khas ya hmar? Min jeb serit l unity? Kess ekhet l lebneniye b hal sub iza byefhamo shi, bas bta3refo tehko min tizkon. This guy is THANKING Israel for doing the least amount..."
comment,h6c4m2t,Jadofski,Lebanese,2021-07,2,lebanese_translit,,Shu khas toz b marhaba?
comment,h4d1cww,gentlemaninparis,Lebanese,2021-07,0,arabizi,,"Kiss emak b ayri, na2esni wa7ad er b e5er hal zaman . 5aleek 3am betbeslo sormayto lal sayed"
comment,h4d1gyp,Jadofski,Lebanese,2021-07,0,lebanese_translit,,"Kol khara ya ghabe, kess ekhet shaklak shu hmar."
comment,h0091em,omke,Lebanese,2021-05,2,lebanese_translit,,"balla shu, w min wen bta3refneh 7adertak"
comment,gy7ugn4,Jadofski,Lebanese,2021-05,1,lebanese_translit,,"Yo2burne rabak shu enak zake. Then fucking tase him or anything else, one of the most advanced countries in the world and you couldn’t find another solution to handle an unarmed..."
comment,gmtad22,ChartsDeGaulle,Lebanese,2021-02,4,arabizi,,"Not really, making fun of religion is a taboo as you might expect in a backwards sectarian society. We however say ""yel3an rabbak"" (cursed be your lord)"
comment,gnb62dp,WhoreMones-69,Lebanese,2021-02,1,arabizi,,Killon Ya3ne killon
comment,gk3987n,lephalangiste,Lebanese,2021-01,7,arabizi,,Nshalla soon ya bro you'll marry that girl and bring her to our beloved country.
comment,gk3tb2q,lephalangiste,Lebanese,2021-01,4,arabizi,,Haha nshalla ya bro. I'd love to spend a weekend in the holy land and come back to our Glorious Mountain.
comment,gezkjws,lephalangiste,Lebanese,2020-12,1,lebanese_translit,,Mesh kellon as in civilian casualties? Welcome to war bro.
post,f2efjs,gettling,Lebanese,2020-02,16,arabizi,Funny and weird phrases the Lebanese use,"Funny and weird phrases the Lebanese use While we all agree that we have unique expression and phrases, the Lebanese surely have used the miracle of their accent to come up with..."
comment,fhhf49k,kataphract_byzantium,Lebanese,2020-02,4,lebanese_translit,,"Yep akh means brother too in standard Arabic but we say ""khaye"" in Lebanon, and the but is ""bas"" here"
comment,fg3avb7,cedaroot,Lebanese,2020-01,7,lebanese_translit,,"A problem we have in Lebanon is identity. We don’t know what we are, or what we want to be. Are we Arabs ? Are we “Phoenicians” ? Are we Westernized ? Mediterranean ? There is n..."
comment,f5siowy,EnderDragonSlayer12,Lebanese,2019-10,9,arabizi,,"""Kellon ya3ne kellon"" means ""all means all"" meaning all politicians are corrupt and should be brought down, no exceptions. As for the ""li 3emel montage wahad mennon"" it means ""a..."
